iso_code,location,date,total_cases,new_cases,total_deaths,new_deaths,new_tests,total_tests,positive_rate,tests_per_case,tests_units,total_vaccinations,people_vaccinated,people_fully_vaccinated,new_vaccinations
KHM,Cambodia,6/1/2021,30710,616,220,6,4686,1162111,0.102,9.8,tests performed,4671201,2648859,2022342,57639
KHM,Cambodia,6/2/2021,31460,750,230,10,5517,1167628,0.102,9.8,tests performed,4723944,2665822,2058122,52743
KHM,Cambodia,6/3/2021,32189,729,236,6,5785,1173413,0.104,9.6,tests performed,4782587,2688014,2094573,58643
KHM,Cambodia,6/4/2021,33075,886,242,6,4654,1178067,0.109,9.2,tests performed,4839260,2710359,2128901,56673
KHM,Cambodia,6/5/2021,33613,538,252,10,5394,1183461,0.137,7.3,tests performed,4894315,2735199,2159116,55055
KHM,Cambodia,6/6/2021,34244,631,263,11,6226,1189687,0.131,7.6,tests performed,4938642,2754341,2184301,44327
KHM,Cambodia,6/7/2021,34833,589,266,3,6101,1195788,0.124,8.1,tests performed,4969942,2766198,2203744,31300
KHM,Cambodia,6/8/2021,35511,678,278,12,5617,1201405,0.122,8.2,tests performed,5005581,2770433,2235148,35639
KHM,Cambodia,6/9/2021,36240,729,289,11,6832,1208237,0.118,8.5,tests performed,5050186,2770611,2279575,44605
KHM,Cambodia,6/10/2021,36666,426,300,11,6657,1214894,0.108,9.3,tests performed,5128310,2794894,2333416,78124
KHM,Cambodia,6/11/2021,37321,655,311,11,7117,1222011,0.097,10.3,tests performed,5223954,2836482,2387472,95644
KHM,Cambodia,6/12/2021,37959,638,320,9,7176,1229187,0.095,10.5,tests performed,5325094,2885619,2439475,101140
KHM,Cambodia,6/13/2021,38427,468,335,15,8920,1238107,0.086,11.6,tests performed,5428433,2939543,2488890,103339
KHM,Cambodia,6/14/2021,38969,542,348,13,5807,1243914,0.086,11.6,tests performed,5537538,3000264,2537274,109105
KHM,Cambodia,6/15/2021,39464,495,361,13,9649,1253563,0.076,13.2,tests performed,5667915,3076775,2591140,130377
KHM,Cambodia,6/16/2021,40157,693,368,7,9299,1262862,0.072,13.9,tests performed,5762050,3138584,2623466,94135
KHM,Cambodia,6/17/2021,40782,625,380,12,6379,1269241,0.076,13.2,tests performed,5839250,3199642,2639608,77200
KHM,Cambodia,6/18/2021,41581,799,394,14,8517,1277758,0.076,13.1,tests performed,5924894,3257857,2667037,85644
KHM,Cambodia,6/19/2021,42052,471,414,20,9754,1287512,0.07,14.2,tests performed,6012998,3310660,2702329,88104
KHM,Cambodia,6/20/2021,42711,659,431,17,8499,1296011,0.074,13.5,tests performed,6098584,3366207,2732377,85586
KHM,Cambodia,6/21/2021,43446,735,441,10,7305,1303316,0.075,13.3,tests performed,6171269,3416075,2755194,72685
KHM,Cambodia,6/22/2021,44124,678,459,18,5913,1309229,0.084,11.9,tests performed,6275739,3517943,2757796,104470
KHM,Cambodia,6/23/2021,44711,587,475,16,6207,1315436,0.087,11.5,tests performed,6378584,3619420,2759164,102845
KHM,Cambodia,6/24/2021,45366,655,493,18,5763,1321199,0.088,11.3,tests performed,6478528,3715751,2762777,99944
KHM,Cambodia,6/25/2021,46065,699,509,16,6966,1328165,0.089,11.2,tests performed,6616277,3803169,2813108,137749
KHM,Cambodia,6/26/2021,46810,745,523,14,5411,1333576,0.103,9.7,tests performed,6729736,3886534,2843202,113459
KHM,Cambodia,6/27/2021,47649,839,540,17,6040,1339616,0.113,8.8,tests performed,6836447,3955033,2881414,106711
KHM,Cambodia,6/28/2021,48532,883,556,16,5826,1345442,0.121,8.3,tests performed,6957895,4019751,2938144,121448
KHM,Cambodia,6/29/2021,49255,723,575,19,6534,1351976,0.12,8.3,tests performed,7093483,4100104,2993379,135588
KHM,Cambodia,6/30/2021,50385,1130,602,27,6278,1358254,0.133,7.5,tests performed,7251656,4202751,3048905,158173
KHM,Cambodia,7/1/2021,51384,999,628,26,6576,1364830,0.138,7.3,tests performed,7408517,4304572,3103945,156861
KHM,Cambodia,7/2/2021,52350,966,660,32,6754,1371584,0.145,6.9,tests performed,7558008,4391526,3166482,149491
KHM,Cambodia,7/3/2021,53298,948,696,36,7253,1378837,0.143,7,tests performed,7690814,4469661,3221153,132806
KHM,Cambodia,7/4/2021,54291,993,720,24,6143,1384980,0.146,6.8,tests performed,7814310,4535894,3278416,123496
KHM,Cambodia,7/5/2021,55187,896,748,28,,,0.145,6.9,tests performed,7929378,4599648,3329730,115068
KHM,Cambodia,7/6/2021,56122,935,779,31,,1397664,0.15,6.7,tests performed,8031138,4654451,3376687,101760
KHM,Cambodia,7/7/2021,57103,981,798,19,,,0.058,17.3,tests performed,8142185,4701255,3440930,111047
KHM,Cambodia,7/8/2021,58057,954,825,27,,1551653,0.036,28,tests performed,8272286,4750265,3522021,130101
KHM,Cambodia,7/9/2021,59045,988,855,30,6433,1558086,0.036,27.9,tests performed,8421951,4793197,3628754,149665
KHM,Cambodia,7/10/2021,59978,933,881,26,6020,1564106,0.036,27.7,tests performed,8560543,4845588,3714955,138592
KHM,Cambodia,7/11/2021,60959,981,902,21,8370,1572476,0.036,28.1,tests performed,8700167,4903845,3796322,139624
KHM,Cambodia,7/12/2021,61870,911,925,23,7274,1579750,0.035,28.2,tests performed,8862995,4996723,3866272,162828
KHM,Cambodia,7/13/2021,62700,830,953,28,,,,,,9052857,5104846,3948011,189862
KHM,Cambodia,7/14/2021,63615,915,986,33,,,,,,9242925,5240159,4002766,190068
KHM,Cambodia,7/15/2021,64611,996,1025,39,,,,,,9453858,5417348,4036510,210933
KHM,Cambodia,7/16/2021,65500,889,1052,27,,,,,,9674498,5601064,4073434,220640
KHM,Cambodia,7/17/2021,66336,836,1076,24,,,,,,9877592,5767616,4109976,203094
KHM,Cambodia,7/18/2021,67181,845,1106,30,,,,,,10043602,5912545,4131057,166010
KHM,Cambodia,7/19/2021,67971,790,1128,22,,,,,,10217096,6061305,4155791,173494
KHM,Cambodia,7/20/2021,68796,825,1149,21,,,,,,10398348,6202414,4195934,181252
KHM,Cambodia,7/21/2021,69608,812,1168,19,,,,,,10588170,6334378,4253792,189822
KHM,Cambodia,7/22/2021,70419,811,1188,20,,,,,,10759533,6454601,4304932,171363
KHM,Cambodia,7/23/2021,71244,825,1222,34,,,,,,10915733,6552632,4363101,156200
KHM,Cambodia,7/24/2021,72104,860,1254,32,,,,,,11079725,6648473,4431252,163992
KHM,Cambodia,7/25/2021,72923,819,1283,29,,,,,,11223465,6741782,4481683,143740
KHM,Cambodia,7/26/2021,73701,778,1305,22,,,,,,11379554,6839109,4540445,156089
KHM,Cambodia,7/27/2021,74386,685,1324,19,,,,,,11528264,6941285,4586979,148710
KHM,Cambodia,7/28/2021,75152,766,1339,15,,,,,,11670617,7043969,4626648,142353
KHM,Cambodia,7/29/2021,75917,765,1350,11,,,,,,11802138,7131184,4670954,131521
KHM,Cambodia,7/30/2021,76585,668,1375,25,,,,,,11962852,7233247,4729605,160714
KHM,Cambodia,7/31/2021,77243,658,1397,22,,,,,,12088317,7304756,4783561,125465
KHM,Cambodia,8/1/2021,77914,671,1420,23,,,,,,12232259,7385013,4847246,143942
KHM,Cambodia,8/2/2021,78474,560,1442,22,,,,,,12427005,7498129,4940739,194746
KHM,Cambodia,8/3/2021,79051,577,1471,29,,,,,,12644209,7607844,5067252,217204
KHM,Cambodia,8/4/2021,79634,583,1488,17,,,,,,12865011,7704982,5210115,220802
KHM,Cambodia,8/5/2021,80225,591,1507,19,,,,,,13128308,7810469,5402478,263297
KHM,Cambodia,8/6/2021,80813,588,1526,19,,,,,,13393448,7927745,5597888,265140
KHM,Cambodia,8/7/2021,81335,522,1537,11,,,,,,13681376,8044707,5821021,287928
KHM,Cambodia,8/8/2021,81891,556,1562,25,,,,,,13949503,8151969,6019634,268127
KHM,Cambodia,8/9/2021,82399,508,1585,23,,,,,,14259583,8269744,6239954,310080
KHM,Cambodia,8/10/2021,82898,499,1602,17,,,,,,14554485,8396613,6438770,294902
KHM,Cambodia,8/11/2021,83384,486,1614,12,,,,,,14860238,8519714,6635999,305753
KHM,Cambodia,8/12/2021,83839,455,1634,20,,,,,,15136506,8639773,6815808,276268
KHM,Cambodia,8/13/2021,84262,423,1654,20,,,,,,15372439,8749906,6967688,235933
KHM,Cambodia,8/14/2021,84860,598,1666,12,,,,,,15622134,8857979,7116243,249695
KHM,Cambodia,8/15/2021,85448,588,1683,17,,,,,,15839320,8948377,7250849,217186
KHM,Cambodia,8/16/2021,86041,593,1704,21,,,,,,16057767,9044549,7364522,218447
KHM,Cambodia,8/17/2021,86597,556,1718,14,,,,,,16284464,9157245,7479110,226697
KHM,Cambodia,8/18/2021,87190,593,1730,12,,,,,,16514969,9272769,7577698,230505
KHM,Cambodia,8/19/2021,87723,533,1747,17,,,,,,16728863,9388735,7662263,213894
KHM,Cambodia,8/20/2021,88242,519,1762,15,,,,,,16928413,9502819,7737909,199550
KHM,Cambodia,8/21/2021,88735,493,1778,16,,,,,,17151905,9624260,7802864,223492
KHM,Cambodia,8/22/2021,89231,496,1792,14,,,,,,17313877,9717258,7874938,161972
KHM,Cambodia,8/23/2021,89641,410,1808,16,,,,,,17548703,9851896,7967118,234826
KHM,Cambodia,8/24/2021,90107,466,1821,13,,,,,,17753932,9961630,8052243,205229
KHM,Cambodia,8/25/2021,90535,428,1835,14,,,,,,17953133,10071461,8130459,199201
KHM,Cambodia,8/26/2021,90958,423,1841,6,,,,,,18136438,10176498,8204217,183305
KHM,Cambodia,8/27/2021,91369,411,1858,17,,,,,,18337332,10308435,8275430,200894
KHM,Cambodia,8/28/2021,91770,401,1870,12,,,,,,18535210,10440004,8342770,197878
KHM,Cambodia,8/29/2021,92208,438,1881,11,,,,,,18714426,10562995,8392316,179216
KHM,Cambodia,8/30/2021,92616,408,1892,11,,,,,,18912634,10693964,8458093,198208
KHM,Cambodia,8/31/2021,93055,439,1903,11,,,,,,19085923,10801691,8525970,173289
KHM,Cambodia,9/1/2021,93510,455,1916,13,,,,,,19246341,10894795,8594733,160418
KHM,Cambodia,9/2/2021,93926,416,1928,12,,,,,,19401263,10978047,8666321,154922
KHM,Cambodia,9/3/2021,94417,491,1937,9,,,,,,19536084,11045289,8726567,134821
KHM,Cambodia,9/4/2021,94839,422,1950,13,,,,,,19830701,11193354,8877044,294617
KHM,Cambodia,9/5/2021,95300,461,1957,7,,,,,,19926987,11242806,8929045,96286
KHM,Cambodia,9/6/2021,95828,528,1970,13,,,,,,20059399,11291465,9001123,132412
KHM,Cambodia,9/7/2021,96339,511,1981,11,,,,,,20187062,11328393,9079672,127663
KHM,Cambodia,9/8/2021,96935,596,1987,6,,,,,,20312411,11363778,9164169,125349
KHM,Cambodia,9/9/2021,97524,589,2007,20,,,,,,20430920,11385200,9253564,118509
KHM,Cambodia,9/10/2021,98184,660,2019,12,,2289480,,,tests performed,20554497,11406989,9350408,123577
KHM,Cambodia,9/11/2021,98842,658,2028,9,,,,,,20672555,11429835,9443927,118058
KHM,Cambodia,9/12/2021,99504,662,2040,12,,,,,,20763467,11446420,9519460,90912
KHM,Cambodia,9/13/2021,100133,629,2049,9,,,,,,20898628,11470653,9634262,135161
KHM,Cambodia,9/14/2021,100790,657,2058,9,,,,,,21045215,11489661,9763157,146587
KHM,Cambodia,9/15/2021,101443,653,2067,9,,,,,,21188897,11506197,9890449,143682
KHM,Cambodia,9/16/2021,102136,693,2078,11,,,,,,21321845,11527033,10004334,132948
KHM,Cambodia,9/17/2021,102834,698,2089,11,,,,,,21515306,11608143,10114802,193461
KHM,Cambodia,9/18/2021,103482,648,2096,7,,,,,,21838845,11825416,10217045,323539
KHM,Cambodia,9/19/2021,104094,612,2109,13,,,,,,22152521,12049739,10304104,313676
KHM,Cambodia,9/20/2021,104716,622,2123,14,,,,,,22494499,12276013,10412733,341978
KHM,Cambodia,9/21/2021,105344,628,2140,17,,,,,,22818660,12483588,10527938,324161
KHM,Cambodia,9/22/2021,105981,637,2154,14,,,,,,23099813,12666817,10624382,281153
KHM,Cambodia,9/23/2021,106619,638,2176,22,,,,,,23341613,12823868,10706838,241800
KHM,Cambodia,9/24/2021,107441,822,2197,21,,,,,,23538405,12950149,10774063,196792
KHM,Cambodia,9/25/2021,108257,816,2218,21,,,,,,23705080,13050906,10836103,166675
KHM,Cambodia,9/26/2021,109087,830,2243,25,,,,,,23830570,13124421,10884162,125490
KHM,Cambodia,9/27/2021,109926,839,2261,18,,,,,,23972205,13206236,10939239,141635
KHM,Cambodia,9/28/2021,110792,866,2287,26,,,,,,24090068,13273263,10985231,117863
KHM,Cambodia,9/29/2021,111673,881,2302,15,,,,,,24190543,13328064,11025293,100475
KHM,Cambodia,9/30/2021,112651,978,2319,17,,,,,,24272621,13370838,11060573,82078
KHM,Cambodia,10/1/2021,112883,232,2336,17,,,,,,24332508,13401922,11085410,59887
KHM,Cambodia,10/2/2021,113057,174,2360,24,,,,,,24378824,13424971,11105097,46316
KHM,Cambodia,10/3/2021,113256,199,2383,23,,,,,,24411182,13441093,11119189,32358
KHM,Cambodia,10/4/2021,113475,219,2406,23,,,,,,24439901,13454384,11131493,28719
KHM,Cambodia,10/5/2021,113703,228,2418,12,,,,,,24446643,13456306,11135817,6742
KHM,Cambodia,10/6/2021,113924,221,2431,13,,,,,,24447227,13456672,11135916,584
KHM,Cambodia,10/7/2021,114148,224,2441,10,,,,,,24448071,13456872,11136261,844
KHM,Cambodia,10/8/2021,114351,203,2459,18,,,,,,24510673,13468296,11182731,62602
KHM,Cambodia,10/9/2021,114571,220,2482,23,,,,,,24671297,13480746,11325707,160624
KHM,Cambodia,10/10/2021,114810,239,2506,24,,,,,,24861031,13492406,11498517,189734
KHM,Cambodia,10/11/2021,115068,258,2527,21,,,,,,25162526,13510285,11724361,301495
KHM,Cambodia,10/12/2021,115335,267,2544,17,,,,,,25486685,13527978,11941520,324159
KHM,Cambodia,10/13/2021,115607,272,2559,15,,,,,,25772396,13545823,12131297,285711
KHM,Cambodia,10/14/2021,115875,268,2584,25,,,,,,26025590,13561866,12298389,253194
KHM,Cambodia,10/15/2021,116140,265,2610,26,,,,,,26235936,13574139,12432963,210346
KHM,Cambodia,10/16/2021,116407,267,2634,24,,,,,,26438825,13585319,12541420,202889
KHM,Cambodia,10/17/2021,116665,258,2658,24,,,,,,26589595,13593910,12617254,150770
KHM,Cambodia,10/18/2021,116860,195,2670,12,,,,,,26751792,13609521,12714675,162197
KHM,Cambodia,10/19/2021,117035,175,2681,11,,,,,,26886254,13622977,12797655,134462
KHM,Cambodia,10/20/2021,117201,166,2693,12,,,,,,26998351,13634458,12856612,112097
KHM,Cambodia,10/21/2021,117352,151,2704,11,,,,,,27090946,13643415,12902262,92595
KHM,Cambodia,10/22/2021,117500,148,2715,11,,,,,,27163990,13652232,12941476,73044
KHM,Cambodia,10/23/2021,117644,144,2725,10,,,,,,27243478,13658227,12967268,79488
KHM,Cambodia,10/24/2021,117772,128,2734,9,,,,,,27309793,13663527,12988266,66315
KHM,Cambodia,10/25/2021,117888,116,2743,9,,,,,,27356822,13673478,13009481,47029
KHM,Cambodia,10/26/2021,118000,112,2751,8,,,,,,27390800,13681827,13019567,33978
KHM,Cambodia,10/27/2021,118111,111,2758,7,,,,,,27420723,13688442,13026141,29923
KHM,Cambodia,10/28/2021,118220,109,2766,8,,,,,,27457576,13697329,13035905,36853
KHM,Cambodia,10/29/2021,118321,101,2773,7,,,,,,27488038,13701863,13046418,30462
KHM,Cambodia,10/30/2021,118427,106,2781,8,,,,,,27540334,13706107,13056188,52296
KHM,Cambodia,10/31/2021,118522,95,2788,7,,,,,,27582895,13709487,13065834,42561
KHM,Cambodia,11/1/2021,118613,91,2794,6,,,,,,27660458,13746625,13081073,77563
KHM,Cambodia,11/2/2021,118787,174,2807,13,,,,,,27754142,13801971,13097279,93684
KHM,Cambodia,11/3/2021,118787,0,2807,0,,,,,,27840354,13852616,13111011,86212
KHM,Cambodia,11/4/2021,118870,83,2813,6,,,,,,27910923,13898766,13123236,70569
KHM,Cambodia,11/5/2021,118948,78,2818,5,,,,,,27967153,13930397,13134662,56230
KHM,Cambodia,11/6/2021,119021,73,2824,6,,,,,,,,,
KHM,Cambodia,11/7/2021,119092,71,2829,5,,,,,,28041552,13963921,13149177,
KHM,Cambodia,11/8/2021,119160,68,2835,6,,,,,,28091131,13988235,13163613,49579
KHM,Cambodia,11/9/2021,119227,67,2840,5,,,,,,28114132,13999741,13170169,23001
KHM,Cambodia,11/10/2021,119292,65,2845,5,,,,,,28150892,14017087,13181932,36760
KHM,Cambodia,11/11/2021,119358,66,2850,5,,,,,,28182589,14032348,13191432,31697
KHM,Cambodia,11/12/2021,119421,63,2856,6,,,,,,28210938,14045675,13199809,28349
KHM,Cambodia,11/13/2021,119481,60,2861,5,,,,,,28230176,14051925,13202848,19238
KHM,Cambodia,11/14/2021,119536,55,2867,6,,,,,,28231176,14051925,13203848,1000
KHM,Cambodia,11/15/2021,119588,52,2872,5,,,,,,28241359,14055958,13207379,10183
KHM,Cambodia,11/16/2021,119636,48,2876,4,,,,,,28327177,14079049,13225431,85818
KHM,Cambodia,11/17/2021,119687,51,2881,5,,,,,,,,,
LAO,Laos,6/1/2021,1929,17,3,0,2216,250496,0.004,279.7,people tested,902456,662521,239935,36762
LAO,Laos,6/2/2021,1934,5,3,0,,,0.004,280.9,people tested,914014,664661,249353,11558
LAO,Laos,6/3/2021,1943,9,3,0,,254153,0.003,295.2,people tested,933505,667657,265848,19491
LAO,Laos,6/4/2021,1952,9,3,0,1920,256073,0.003,296.5,people tested,957785,674311,283474,24280
LAO,Laos,6/5/2021,1957,5,3,0,2532,258605,0.003,290.9,people tested,982253,679729,302524,24468
LAO,Laos,6/6/2021,1963,6,3,0,,,0.004,271.2,people tested,993659,683354,310305,11406
LAO,Laos,6/7/2021,1968,5,3,0,,262163,0.004,247.9,people tested,1000196,686794,313402,6537
LAO,Laos,6/8/2021,1970,2,3,0,1485,263648,0.003,320.8,people tested,1017620,691381,326239,17424
LAO,Laos,6/9/2021,1971,1,3,0,1401,265049,0.003,343.9,people tested,1034588,694374,340214,16968
LAO,Laos,6/10/2021,1975,4,3,0,1410,266459,0.003,384.6,people tested,1054356,698503,355853,19768
LAO,Laos,6/11/2021,1979,4,3,0,1826,268285,0.002,452.4,people tested,1079903,708652,371251,25547
LAO,Laos,6/12/2021,1990,11,3,0,1842,270127,0.003,349.2,people tested,1098714,712793,385921,18811
LAO,Laos,6/13/2021,1996,6,3,0,1348,271475,0.003,336,people tested,1108388,713709,394679,9674
LAO,Laos,6/14/2021,2010,14,3,0,,,0.004,262.5,people tested,1110856,713818,397038,2468
LAO,Laos,6/15/2021,2025,15,3,0,,274907,0.005,204.7,people tested,1122128,717648,404480,11272
LAO,Laos,6/16/2021,2033,8,3,0,1824,276731,0.005,188.4,people tested,1134347,719562,414785,12219
LAO,Laos,6/17/2021,2034,1,3,0,1801,278532,0.005,204.7,people tested,1134347,719562,414785,0
LAO,Laos,6/18/2021,2047,13,3,0,1479,280011,0.006,172.4,people tested,1183137,742607,440530,48790
LAO,Laos,6/19/2021,2050,3,3,0,1486,281497,0.005,189.5,people tested,1208878,753750,455128,25741
LAO,Laos,6/20/2021,2053,3,3,0,1783,283280,0.005,207,people tested,,,,
LAO,Laos,6/21/2021,2054,1,3,0,911,284191,0.004,249.9,people tested,1242184,780552,461632,
LAO,Laos,6/22/2021,2067,13,3,0,,,0.004,250.3,people tested,1268627,798257,470370,26443
LAO,Laos,6/23/2021,2076,9,3,0,,286644,0.004,230.5,people tested,,,,
LAO,Laos,6/24/2021,2080,4,3,0,1574,288218,0.005,210.6,people tested,1348259,853782,494477,
LAO,Laos,6/25/2021,2094,14,3,0,1159,289377,0.005,199.3,people tested,1382009,869006,513003,33750
LAO,Laos,6/26/2021,2100,6,3,0,1552,290929,0.005,188.6,people tested,1408531,884428,524103,26522
LAO,Laos,6/27/2021,2110,10,3,0,,,0.006,156.9,people tested,,,,
LAO,Laos,6/28/2021,2110,0,3,0,,,0.006,166.5,people tested,1416267,886238,530029,
LAO,Laos,6/29/2021,2110,0,3,0,,294810,0.005,218.5,people tested,,,,
LAO,Laos,6/30/2021,2121,11,3,0,1524,296334,0.005,215.3,people tested,,,,
LAO,Laos,7/1/2021,2144,23,3,0,,,0.007,151.6,people tested,,,,
LAO,Laos,7/2/2021,2176,32,3,0,,299502,0.008,123.4,people tested,,,,
LAO,Laos,7/3/2021,2213,37,3,0,1392,300894,0.011,88.2,people tested,,,,
LAO,Laos,7/4/2021,2244,31,3,0,,,0.013,74.3,people tested,1530667,942835,587832,
LAO,Laos,7/5/2021,2300,56,3,0,,303454,0.019,52.3,people tested,1537511,947702,589809,6844
LAO,Laos,7/6/2021,2356,56,3,0,1559,305013,0.024,41.5,people tested,1552182,956535,595647,14671
LAO,Laos,7/7/2021,2400,44,3,0,,,,,,,,,
LAO,Laos,7/8/2021,2469,69,3,0,,,,,,,,,
LAO,Laos,7/9/2021,2537,68,3,0,,,,,,1648060,1015262,632798,
LAO,Laos,7/10/2021,2630,93,3,0,,,,,,,,,
LAO,Laos,7/11/2021,2719,89,3,0,,,,,,1666793,1025248,641545,
LAO,Laos,7/12/2021,2825,106,3,0,,,,,,,,,
LAO,Laos,7/13/2021,2901,76,3,0,,,,,,,,,
LAO,Laos,7/14/2021,2976,75,3,0,,,,,,1708981,1038254,670727,
LAO,Laos,7/15/2021,3092,116,4,1,,,,,,,,,
LAO,Laos,7/16/2021,3187,95,4,0,,,,,,,,,
LAO,Laos,7/17/2021,3295,108,4,0,,,,,,1777140,1050818,,
LAO,Laos,7/18/2021,3426,131,5,1,,,,,,,,,
LAO,Laos,7/19/2021,3540,114,5,0,,,,,,,,,
LAO,Laos,7/20/2021,3710,170,5,0,,,,,,,,,
LAO,Laos,7/21/2021,3863,153,5,0,,,,,,,1061689,,
LAO,Laos,7/22/2021,4119,256,5,0,,,,,,,,,
LAO,Laos,7/23/2021,4342,223,5,0,,,,,,,,,
LAO,Laos,7/24/2021,4620,278,5,0,,,,,,,,,
LAO,Laos,7/25/2021,4762,142,5,0,,,,,,,1062365,,
LAO,Laos,7/26/2021,4985,223,5,0,,,,,,,,,
LAO,Laos,7/27/2021,5154,169,5,0,,,,,,,,,
LAO,Laos,7/28/2021,5434,280,6,1,,,,,,,,,
LAO,Laos,7/29/2021,5675,241,6,0,,,,,,,,,
LAO,Laos,7/30/2021,5919,244,6,0,,,,,,,,,
LAO,Laos,7/31/2021,6299,380,7,1,,,,,,2050711,1179668,988156,
LAO,Laos,8/1/2021,6566,267,7,0,,,,,,,,,
LAO,Laos,8/2/2021,6765,199,7,0,,,,,,,,,
LAO,Laos,8/3/2021,7015,250,7,0,,,,,,,,,
LAO,Laos,8/4/2021,7305,290,7,0,,,,,,,,,
LAO,Laos,8/5/2021,7511,206,7,0,,,,,,,,,
LAO,Laos,8/6/2021,7778,267,7,0,,,,,,,1315924,,
LAO,Laos,8/7/2021,7778,0,7,0,,,,,,,,,
LAO,Laos,8/8/2021,8392,614,8,1,,,,,,,1361484,,
LAO,Laos,8/9/2021,8561,169,8,0,,,,,,,,,
LAO,Laos,8/10/2021,8876,315,8,0,,,,,,,,,
LAO,Laos,8/11/2021,9161,285,8,0,,,,,,,,,
LAO,Laos,8/12/2021,9363,202,9,1,,,,,,,,,
LAO,Laos,8/13/2021,9668,305,9,0,,,,,,,,,
LAO,Laos,8/14/2021,9894,226,9,0,,,,,,,1662994,,
LAO,Laos,8/15/2021,10092,198,9,0,,,,,,,,,
LAO,Laos,8/16/2021,10441,349,9,0,,,,,,,,,
LAO,Laos,8/17/2021,10648,207,9,0,,,,,,,1828039,,
LAO,Laos,8/18/2021,11029,381,9,0,,,,,,,,,
LAO,Laos,8/19/2021,11313,284,9,0,,,,,,,,,
LAO,Laos,8/20/2021,11753,440,11,2,,,,,,3044669,2060418,1644691,
LAO,Laos,8/21/2021,12164,411,11,0,,,,,,3707109,2060418,1646691,662440
LAO,Laos,8/22/2021,12469,305,11,0,,,,,,3774074,2109937,1664137,66965
LAO,Laos,8/23/2021,12621,152,11,0,,,,,,3799078,2131014,1668064,25004
LAO,Laos,8/24/2021,12957,336,11,0,,,,,,3874672,2188426,1686246,75594
LAO,Laos,8/25/2021,13909,952,11,0,,404790,,,people tested,3937503,2235384,1702119,62831
LAO,Laos,8/26/2021,14104,195,12,1,8710,413500,,,people tested,4001318,2278765,1722553,63815
LAO,Laos,8/27/2021,14351,247,12,0,,,,,people tested,,,,
LAO,Laos,8/28/2021,14466,115,12,0,,,,,people tested,4135314,2376594,1758720,
LAO,Laos,8/29/2021,14641,175,12,0,,,,,people tested,4182234,2407056,1775178,46920
LAO,Laos,8/30/2021,14816,175,14,2,,425260,,,people tested,4205037,2420333,1784704,22803
LAO,Laos,8/31/2021,15015,199,14,0,,,,,people tested,4238543,2443845,1794698,33506
LAO,Laos,9/1/2021,15289,274,14,0,,,0.051,19.7,people tested,4278784,2474767,1804017,40241
LAO,Laos,9/2/2021,15459,170,14,0,,,0.062,16.1,people tested,4319366,2504151,1815215,40582
LAO,Laos,9/3/2021,15605,146,15,1,,,0.056,17.7,people tested,4354163,2529903,1824260,34797
LAO,Laos,9/4/2021,15761,156,16,1,,,0.057,17.5,people tested,4369013,2537992,1831021,14850
LAO,Laos,9/5/2021,15933,172,16,0,,445400,0.056,17.9,people tested,4382959,2545657,1837302,13946
LAO,Laos,9/6/2021,16058,125,16,0,2470,447870,0.055,18.2,people tested,,,,
LAO,Laos,9/7/2021,16365,307,16,0,,,0.063,15.8,people tested,4402770,2560372,1842398,
LAO,Laos,9/8/2021,16576,211,16,0,,452030,0.064,15.6,people tested,,,,
LAO,Laos,9/9/2021,16742,166,16,0,9710,461740,0.049,20.6,people tested,,,,
LAO,Laos,9/10/2021,16936,194,16,0,,,0.049,20.6,people tested,,2633604,1859931,
LAO,Laos,9/11/2021,17140,204,16,0,,,0.049,20.5,people tested,,2650948,1860415,
LAO,Laos,9/12/2021,17357,217,16,0,,474640,0.049,20.5,people tested,,,,
LAO,Laos,9/13/2021,17555,198,16,0,3430,478070,0.05,20.2,people tested,,,,
LAO,Laos,9/14/2021,17682,127,16,0,,,0.042,23.7,people tested,,,,
LAO,Laos,9/15/2021,17905,223,16,0,,,0.041,24.2,people tested,,,,
LAO,Laos,9/16/2021,18059,154,16,0,,487290,0.052,19.4,people tested,,,,
LAO,Laos,9/17/2021,18347,288,16,0,5270,492560,0.053,18.8,people tested,,,,
LAO,Laos,9/18/2021,18814,467,16,0,,,0.055,18.2,people tested,,,,
LAO,Laos,9/19/2021,19185,371,16,0,,509070,0.053,18.8,people tested,,2799549,1909360,
LAO,Laos,9/20/2021,19399,214,16,0,,,0.054,18.6,people tested,,,,
LAO,Laos,9/21/2021,19730,331,16,0,,515580,0.059,16.8,people tested,,,,
LAO,Laos,9/22/2021,19952,222,16,0,,,0.056,18,people tested,,,,
LAO,Laos,9/23/2021,20646,694,16,0,,526350,0.066,15.1,people tested,,,,
LAO,Laos,9/24/2021,21080,434,16,0,,,0.065,15.4,people tested,,,,
LAO,Laos,9/25/2021,21527,447,16,0,,,0.065,15.4,people tested,,,,
LAO,Laos,9/26/2021,21819,292,16,0,,550870,0.063,15.9,people tested,,,,
LAO,Laos,9/27/2021,22441,622,16,0,,,0.074,13.4,people tested,,,,
LAO,Laos,9/28/2021,22941,500,16,0,,,0.08,12.5,people tested,,,,
LAO,Laos,9/29/2021,23488,547,17,1,,557950,0.096,10.5,people tested,,,,
LAO,Laos,9/30/2021,23846,358,18,1,,,0.092,10.9,people tested,,2983763,2080368,
LAO,Laos,10/1/2021,24310,464,20,2,,564280,0.109,9.2,people tested,,,,
LAO,Laos,10/2/2021,24916,606,21,1,,,0.132,7.5,people tested,,,,
LAO,Laos,10/3/2021,25217,301,22,1,,,0.159,6.3,people tested,,,,
LAO,Laos,10/4/2021,25524,307,22,0,,576260,0.134,7.5,people tested,,,,
LAO,Laos,10/5/2021,25987,463,22,0,9820,586080,0.1,10,people tested,,,,
LAO,Laos,10/6/2021,26462,475,23,1,,,0.083,12,people tested,,,,
LAO,Laos,10/7/2021,26876,414,23,0,,601260,0.075,13.2,people tested,,,,
LAO,Laos,10/8/2021,27607,731,24,1,,,0.081,12.3,people tested,,,,
LAO,Laos,10/9/2021,27607,0,24,0,,,0.067,15,people tested,,,,
LAO,Laos,10/10/2021,28540,933,26,2,,612410,0.083,12.1,people tested,,,,
LAO,Laos,10/11/2021,28849,309,30,4,,,0.082,12.2,people tested,,,,
LAO,Laos,10/12/2021,29398,549,33,3,,621250,0.097,10.3,people tested,,,,
LAO,Laos,10/13/2021,29964,566,35,2,,,0.102,9.8,people tested,,3091161,2343258,
LAO,Laos,10/14/2021,30615,651,36,1,,634530,0.112,8.9,people tested,,,,
LAO,Laos,10/15/2021,31188,573,36,0,,,0.106,9.4,people tested,,,,
LAO,Laos,10/16/2021,31736,548,38,2,,,0.121,8.2,people tested,,,,
LAO,Laos,10/17/2021,32029,293,40,2,,646750,0.102,9.8,people tested,,,,
LAO,Laos,10/18/2021,32314,285,40,0,,,0.105,9.5,people tested,,,,
LAO,Laos,10/19/2021,32971,657,45,5,,652670,0.114,8.8,people tested,,,,
LAO,Laos,10/20/2021,33606,635,47,2,,,0.131,7.6,people tested,,,,
LAO,Laos,10/21/2021,33998,392,49,2,,,0.14,7.2,people tested,,3178111,2698846,
LAO,Laos,10/22/2021,34518,520,49,0,,,0.144,6.9,people tested,,,,
LAO,Laos,10/23/2021,34985,467,50,1,,,0.147,6.8,people tested,,,,
LAO,Laos,10/24/2021,35633,648,52,2,,,0.171,5.8,people tested,,,,
LAO,Laos,10/25/2021,36248,615,53,1,,670820,0.186,5.4,people tested,,,,
LAO,Laos,10/26/2021,37018,770,56,3,,,0.191,5.2,people tested,,,,
LAO,Laos,10/27/2021,37751,733,59,3,,676930,0.195,5.1,people tested,,,,
LAO,Laos,10/28/2021,38281,530,59,0,11110,688040,0.146,6.8,people tested,,3251958,2776646,
LAO,Laos,10/29/2021,38728,447,61,2,,,0.129,7.7,people tested,,,,
LAO,Laos,10/30/2021,39586,858,62,1,,,0.128,7.8,people tested,,,,
LAO,Laos,10/31/2021,40271,685,65,3,,706970,0.118,8.4,people tested,,,,
LAO,Laos,11/1/2021,40956,685,67,2,,,0.116,8.6,people tested,,,,
LAO,Laos,11/2/2021,41829,873,70,3,,,0.115,8.7,people tested,,,,
LAO,Laos,11/3/2021,42891,1062,73,3,,,0.12,8.4,people tested,,,,
LAO,Laos,11/4/2021,44061,1170,76,3,,724200,0.16,6.3,people tested,,,,
LAO,Laos,11/5/2021,45020,959,77,1,,,0.178,5.6,people tested,,,,
LAO,Laos,11/6/2021,45980,960,81,4,,,0.185,5.4,people tested,,,,
LAO,Laos,11/7/2021,47056,1076,82,1,,,0.201,5,people tested,,,,
LAO,Laos,11/8/2021,47842,786,86,4,,746250,0.197,5.1,people tested,,,,
LAO,Laos,11/9/2021,48892,1050,89,3,,,0.201,5,people tested,,,,
LAO,Laos,11/10/2021,50031,1139,91,2,,,0.203,4.9,people tested,,,,
LAO,Laos,11/11/2021,50977,946,93,2,,759590,0.195,5.1,people tested,,,,
LAO,Laos,11/12/2021,52175,1198,94,1,,,0.227,4.4,people tested,,,,
LAO,Laos,11/13/2021,53207,1032,96,2,,,0.261,3.8,people tested,,,,
LAO,Laos,11/14/2021,54192,985,99,3,,,0.299,3.3,people tested,,,,
LAO,Laos,11/15/2021,55018,826,104,5,,766320,0.358,2.8,people tested,,,,
LAO,Laos,11/16/2021,56324,1306,110,6,,,,,,,,,
LAO,Laos,11/17/2021,57397,1073,112,2,,,,,,,,,
MMR,Myanmar,6/1/2021,143751,122,3217,0,2016,2623429,0.046,21.7,samples tested,,,,
MMR,Myanmar,6/2/2021,143823,72,3218,1,1591,2625020,0.049,20.5,samples tested,,,,
MMR,Myanmar,6/3/2021,143945,122,3221,3,1448,2626468,0.053,18.8,samples tested,,,,
MMR,Myanmar,6/4/2021,144157,212,3221,0,1778,2628246,0.064,15.7,samples tested,,,,
MMR,Myanmar,6/5/2021,144253,96,3223,2,1484,2629730,0.066,15.1,samples tested,3368042,1840758,1527284,
MMR,Myanmar,6/6/2021,144317,64,3225,2,1077,2630807,0.067,15,samples tested,,,,
MMR,Myanmar,6/7/2021,144456,139,3227,2,2216,2633023,0.071,14,samples tested,,,,
MMR,Myanmar,6/8/2021,144579,123,3228,1,2022,2635045,0.071,14,samples tested,,,,
MMR,Myanmar,6/9/2021,144715,136,3233,5,1746,2636791,0.076,13.2,samples tested,,,,
MMR,Myanmar,6/10/2021,144876,161,3237,4,2347,2639138,0.073,13.6,samples tested,,,,
MMR,Myanmar,6/11/2021,145064,188,3239,2,2781,2641919,0.066,15.1,samples tested,,,,
MMR,Myanmar,6/12/2021,145230,166,3241,2,3413,2645332,0.063,16,samples tested,,,,
MMR,Myanmar,6/13/2021,145603,373,3244,3,2902,2648234,0.074,13.6,samples tested,,,,
MMR,Myanmar,6/14/2021,145826,223,3248,4,2819,2651053,0.076,13.2,samples tested,,,,
MMR,Myanmar,6/15/2021,146051,225,3248,0,3199,2654252,0.077,13,samples tested,,,,
MMR,Myanmar,6/16/2021,146406,355,3250,2,3556,2657808,0.08,12.4,samples tested,,,,
MMR,Myanmar,6/17/2021,146768,362,3250,0,4176,2661984,0.083,12.1,samples tested,,,,
MMR,Myanmar,6/18/2021,147069,301,3251,1,4443,2666427,0.082,12.2,samples tested,,,,
MMR,Myanmar,6/19/2021,147615,546,3258,7,4844,2671271,0.092,10.9,samples tested,,,,
MMR,Myanmar,6/20/2021,148022,407,3262,4,3431,2674702,0.091,10.9,samples tested,,,,
MMR,Myanmar,6/21/2021,148617,595,3265,3,4964,2679666,0.098,10.3,samples tested,,,,
MMR,Myanmar,6/22/2021,149247,630,3267,2,5090,2684756,0.105,9.5,samples tested,,,,
MMR,Myanmar,6/23/2021,149927,680,3269,2,5036,2689792,0.11,9.1,samples tested,,,,
MMR,Myanmar,6/24/2021,150714,787,3275,6,5754,2695546,0.118,8.5,samples tested,,,,
MMR,Myanmar,6/25/2021,151573,859,3282,7,5854,2701400,0.129,7.8,samples tested,,,,
MMR,Myanmar,6/26/2021,152356,783,3290,8,5555,2706955,0.133,7.5,samples tested,,,,
MMR,Myanmar,6/27/2021,153160,804,3297,7,4629,2711584,0.139,7.2,samples tested,,,,
MMR,Myanmar,6/28/2021,154385,1225,3309,12,6586,2718170,0.15,6.7,samples tested,,,,
MMR,Myanmar,6/29/2021,155697,1312,3320,11,8232,2726402,0.155,6.5,samples tested,,,,
MMR,Myanmar,6/30/2021,157277,1580,3334,14,7924,2734326,0.165,6.1,samples tested,,,,
MMR,Myanmar,7/1/2021,159347,2070,3347,13,9457,2743783,0.179,5.6,samples tested,3500000,,,
MMR,Myanmar,7/2/2021,161210,1863,3364,17,9146,2752929,0.187,5.3,samples tested,,,,
MMR,Myanmar,7/3/2021,163087,1877,3384,20,9054,2761983,0.195,5.1,samples tested,,,,
MMR,Myanmar,7/4/2021,165405,2318,3419,35,10378,2772361,0.201,5,samples tested,,,,
MMR,Myanmar,7/5/2021,168374,2969,3461,42,11024,2783385,0.215,4.7,samples tested,,,,
MMR,Myanmar,7/6/2021,171976,3602,3513,52,12832,2796217,0.233,4.3,samples tested,,,,
MMR,Myanmar,7/7/2021,175923,3947,3570,57,14678,2810895,0.244,4.1,samples tested,,,,
MMR,Myanmar,7/8/2021,180055,4132,3621,51,14927,2825822,0.252,4,samples tested,,,,
MMR,Myanmar,7/9/2021,184375,4320,3685,64,15747,2841569,0.261,3.8,samples tested,,,,
MMR,Myanmar,7/10/2021,188752,4377,3756,71,15128,2856697,0.271,3.7,samples tested,,,,
MMR,Myanmar,7/11/2021,192213,3461,3838,82,10117,2866814,0.284,3.5,samples tested,,,,
MMR,Myanmar,7/12/2021,197227,5014,3927,89,14432,2881246,0.295,3.4,samples tested,,,,
MMR,Myanmar,7/13/2021,201274,4047,4036,109,11686,2892932,0.303,3.3,samples tested,,,,
MMR,Myanmar,7/14/2021,208357,7083,4181,145,21352,2914284,0.314,3.2,samples tested,,,,
MMR,Myanmar,7/15/2021,212545,4188,4346,165,11044,2925328,0.327,3.1,samples tested,,,,
MMR,Myanmar,7/16/2021,218739,6194,4536,190,18134,2943462,0.337,3,samples tested,,,,
MMR,Myanmar,7/17/2021,224236,5497,4769,233,14052,2957514,0.352,2.8,samples tested,,,,
MMR,Myanmar,7/18/2021,229521,5285,5000,231,14492,2972006,0.355,2.8,samples tested,,,,
MMR,Myanmar,7/19/2021,234710,5189,5281,281,13916,2985922,0.358,2.8,samples tested,,,,
MMR,Myanmar,7/20/2021,240570,5860,5567,286,15911,3001833,0.361,2.8,samples tested,,,,
MMR,Myanmar,7/21/2021,246663,6093,5814,247,16590,3018423,0.368,2.7,samples tested,,,,
MMR,Myanmar,7/22/2021,253364,6701,6133,319,17253,3035676,0.37,2.7,samples tested,,,,
MMR,Myanmar,7/23/2021,258870,5506,6459,326,13487,3049163,0.38,2.6,samples tested,,,,
MMR,Myanmar,7/24/2021,264527,5657,6756,297,15359,3064522,0.377,2.7,samples tested,,,,
MMR,Myanmar,7/25/2021,269525,4998,7111,355,12474,3076996,0.381,2.6,samples tested,,,,
MMR,Myanmar,7/26/2021,274155,4630,7507,396,12035,3089031,0.383,2.6,samples tested,,,,
MMR,Myanmar,7/27/2021,279119,4964,7845,338,13657,3102688,0.382,2.6,samples tested,,,,
MMR,Myanmar,7/28/2021,284099,4980,8210,365,13763,3116451,0.382,2.6,samples tested,,,,
MMR,Myanmar,7/29/2021,289333,5234,8552,342,15060,3131511,0.375,2.7,samples tested,,,,
MMR,Myanmar,7/30/2021,294460,5127,8942,390,,,0.375,2.7,samples tested,,,,
MMR,Myanmar,7/31/2021,299185,4725,9334,392,,,0.376,2.7,samples tested,,,,
MMR,Myanmar,8/1/2021,302665,3480,9731,397,,3169465,0.358,2.8,samples tested,,,,
MMR,Myanmar,8/2/2021,306354,3689,10061,330,12394,3181859,0.347,2.9,samples tested,,,,
MMR,Myanmar,8/3/2021,311067,4713,10373,312,14257,3196116,0.342,2.9,samples tested,,,,
MMR,Myanmar,8/4/2021,315118,4051,10695,322,13474,3209590,0.333,3,samples tested,,,,
MMR,Myanmar,8/5/2021,319250,4132,10988,293,14284,3223874,0.324,3.1,samples tested,,,,
MMR,Myanmar,8/6/2021,322838,3588,11262,274,,,0.309,3.2,samples tested,,,,
MMR,Myanmar,8/7/2021,326489,3651,11526,264,,3248320,0.298,3.4,samples tested,,,,
MMR,Myanmar,8/8/2021,329516,3027,11776,250,9269,3257589,0.305,3.3,samples tested,,,,
MMR,Myanmar,8/9/2021,333127,3611,12014,238,12191,3269780,0.305,3.3,samples tested,,,,
MMR,Myanmar,8/10/2021,337561,4434,12234,220,14457,3284237,0.301,3.3,samples tested,,,,
MMR,Myanmar,8/11/2021,341300,3739,12452,218,13767,3298004,0.296,3.4,samples tested,,,,
MMR,Myanmar,8/12/2021,344730,3430,12667,215,12801,3310805,0.293,3.4,samples tested,,,,
MMR,Myanmar,8/13/2021,348186,3456,12879,212,13021,3323826,0.289,3.5,samples tested,,,,
MMR,Myanmar,8/14/2021,351605,3419,13078,199,13034,3336860,0.284,3.5,samples tested,,,,
MMR,Myanmar,8/15/2021,354279,2674,13263,185,10105,3346965,0.277,3.6,samples tested,,,,
MMR,Myanmar,8/16/2021,356985,2706,13445,182,11247,3358212,0.27,3.7,samples tested,,,,
MMR,Myanmar,8/17/2021,360291,3306,13623,178,13422,3371634,0.26,3.8,samples tested,,,,
MMR,Myanmar,8/18/2021,363169,2878,13786,163,11945,3383579,0.256,3.9,samples tested,,,,
MMR,Myanmar,8/19/2021,365759,2590,13945,159,,,0.25,4,samples tested,,,,
MMR,Myanmar,8/20/2021,368768,3009,14096,151,,3406363,0.249,4,samples tested,,,,
MMR,Myanmar,8/21/2021,371512,2744,14236,140,10855,3417218,0.248,4,samples tested,6253687,4456857,1796830,
MMR,Myanmar,8/22/2021,373685,2173,14374,138,8991,3426209,0.245,4.1,samples tested,,,,
MMR,Myanmar,8/23/2021,375871,2186,14499,125,,,0.24,4.2,samples tested,,,,
MMR,Myanmar,8/24/2021,378377,2506,14622,123,,3447279,0.239,4.2,samples tested,,,,
MMR,Myanmar,8/25/2021,380879,2502,14737,115,11866,3459145,0.234,4.3,samples tested,,,,
MMR,Myanmar,8/26/2021,383514,2635,14850,113,12249,3471394,0.232,4.3,samples tested,,,,
MMR,Myanmar,8/27/2021,386202,2688,14968,118,,,0.183,5.5,samples tested,,,,
MMR,Myanmar,8/28/2021,389134,2932,15077,109,,,0.153,6.5,samples tested,,,,
MMR,Myanmar,8/29/2021,392300,3166,15183,106,,,0.137,7.3,samples tested,,,,
MMR,Myanmar,8/30/2021,395883,3583,15287,104,,,0.128,7.8,samples tested,,,,
MMR,Myanmar,8/31/2021,399282,3399,15389,102,,,0.119,8.4,samples tested,,,,
MMR,Myanmar,9/1/2021,402640,3358,15490,101,,3653562,0.112,8.9,samples tested,,,,
MMR,Myanmar,9/2/2021,406099,3459,15600,110,35248,3688810,0.104,9.6,samples tested,,,,
MMR,Myanmar,9/3/2021,409509,3410,15693,93,33361,3722171,0.106,9.5,samples tested,,,,
MMR,Myanmar,9/4/2021,412587,3078,15795,102,31943,3754114,0.106,9.5,samples tested,,,,
MMR,Myanmar,9/5/2021,415416,2829,15891,96,27072,3781186,0.106,9.5,samples tested,,,,
MMR,Myanmar,9/6/2021,417971,2555,15985,94,25035,3806221,0.104,9.7,samples tested,,,,
MMR,Myanmar,9/7/2021,420402,2431,16082,97,25115,3831336,0.101,9.9,samples tested,,,,
MMR,Myanmar,9/8/2021,423104,2702,16173,91,25398,3856734,0.101,9.9,samples tested,,,,
MMR,Myanmar,9/9/2021,425414,2310,16265,92,25622,3882356,0.1,10,samples tested,,,,
MMR,Myanmar,9/10/2021,427516,2102,16353,88,24818,3907174,0.097,10.3,samples tested,,,,
MMR,Myanmar,9/11/2021,429880,2364,16451,98,26196,3933370,0.096,10.4,samples tested,8184418,4944654,3239764,
MMR,Myanmar,9/12/2021,431833,1953,16530,79,21230,3954600,0.095,10.6,samples tested,,,,
MMR,Myanmar,9/13/2021,434106,2273,16617,87,23424,3978024,0.094,10.6,samples tested,,,,
MMR,Myanmar,9/14/2021,436527,2421,16693,76,24822,4002846,0.094,10.6,samples tested,,,,
MMR,Myanmar,9/15/2021,438951,2424,16784,91,,,0.094,10.6,samples tested,,,,
MMR,Myanmar,9/16/2021,440741,1790,16869,85,,4047680,0.093,10.8,samples tested,,,,
MMR,Myanmar,9/17/2021,442928,2187,16944,75,22800,4070480,0.094,10.6,samples tested,,,,
MMR,Myanmar,9/18/2021,444871,1943,17016,72,21036,4091516,0.095,10.5,samples tested,,,,
MMR,Myanmar,9/19/2021,446573,1702,17073,57,18836,4110352,0.095,10.6,samples tested,,,,
MMR,Myanmar,9/20/2021,448158,1585,17129,56,17309,4127661,0.094,10.6,samples tested,9001616,5530365,3471251,
MMR,Myanmar,9/21/2021,449845,1687,17202,73,20588,4148249,0.092,10.9,samples tested,,,,
MMR,Myanmar,9/22/2021,451663,1818,17266,64,20178,4168427,0.089,11.3,samples tested,,,,
MMR,Myanmar,9/23/2021,453407,1744,17343,77,19775,4188202,0.09,11.1,samples tested,,,,
MMR,Myanmar,9/24/2021,455074,1667,17413,70,18463,4206665,0.089,11.2,samples tested,,,,
MMR,Myanmar,9/25/2021,456620,1546,17465,52,18133,4224798,0.088,11.3,samples tested,10935671,7205913,3729758,
MMR,Myanmar,9/26/2021,458154,1534,17527,62,18436,4243234,0.087,11.5,samples tested,,,,
MMR,Myanmar,9/27/2021,459436,1282,17583,56,17725,4260959,0.085,11.8,samples tested,,,,
MMR,Myanmar,9/28/2021,461066,1630,17631,48,19886,4280845,0.085,11.8,samples tested,,,,
MMR,Myanmar,9/29/2021,462608,1542,17682,51,18702,4299547,0.083,12,samples tested,,,,
MMR,Myanmar,9/30/2021,464076,1468,17735,53,,,0.081,12.4,samples tested,,,,
MMR,Myanmar,10/1/2021,465922,1846,17789,54,,4341436,0.08,12.4,samples tested,,,,
MMR,Myanmar,10/2/2021,467269,1347,17835,46,20191,4361627,0.078,12.8,samples tested,12263702,8390746,3872956,
MMR,Myanmar,10/3/2021,468463,1194,17883,48,14390,4376017,0.078,12.9,samples tested,,,,
MMR,Myanmar,10/4/2021,469782,1319,17921,38,17163,4393180,0.078,12.8,samples tested,,,,
MMR,Myanmar,10/5/2021,471308,1526,17957,36,18135,4411315,0.078,12.7,samples tested,,,,
MMR,Myanmar,10/6/2021,473025,1717,17998,41,20390,4431705,0.079,12.7,samples tested,,,,
MMR,Myanmar,10/7/2021,474419,1394,18034,36,18727,4450432,0.08,12.6,samples tested,,,,
MMR,Myanmar,10/8/2021,475885,1466,18068,34,18762,4469194,0.078,12.8,samples tested,,,,
MMR,Myanmar,10/9/2021,477333,1448,18104,36,19631,4488825,0.079,12.6,samples tested,,,,
MMR,Myanmar,10/10/2021,478651,1318,18134,30,15269,4504094,0.08,12.6,samples tested,,,,
MMR,Myanmar,10/11/2021,479848,1197,18162,28,16471,4520565,0.079,12.7,samples tested,,,,
MMR,Myanmar,10/12/2021,481230,1382,18188,26,17998,4538563,0.078,12.8,samples tested,,,,
MMR,Myanmar,10/13/2021,482803,1573,18222,34,18861,4557424,0.078,12.9,samples tested,,,,
MMR,Myanmar,10/14/2021,484317,1514,18255,33,18692,4576116,0.079,12.7,samples tested,,,,
MMR,Myanmar,10/15/2021,485646,1329,18297,42,17558,4593674,0.078,12.8,samples tested,,,,
MMR,Myanmar,10/16/2021,486851,1205,18329,32,17825,4611499,0.078,12.9,samples tested,,,,
MMR,Myanmar,10/17/2021,487853,1002,18359,30,13680,4625179,0.076,13.2,samples tested,15797703,11223285,4574418,
MMR,Myanmar,10/18/2021,488875,1022,18388,29,16453,4641632,0.075,13.4,samples tested,,,,
MMR,Myanmar,10/19/2021,490008,1133,18416,28,19624,4661256,0.072,14,samples tested,,,,
MMR,Myanmar,10/20/2021,490901,893,18444,28,12853,4674109,0.069,14.4,samples tested,,,,
MMR,Myanmar,10/21/2021,491584,683,18465,21,13805,4687914,0.065,15.4,samples tested,,,,
MMR,Myanmar,10/22/2021,492509,925,18491,26,12863,4700777,0.064,15.6,samples tested,,,,
MMR,Myanmar,10/23/2021,493576,1067,18511,20,19824,4720601,0.062,16.2,samples tested,18089109,12387573,5701536,
MMR,Myanmar,10/24/2021,494263,687,18538,27,14213,4734814,0.058,17.1,samples tested,,,,
MMR,Myanmar,10/25/2021,494974,711,18560,22,17294,4752108,0.055,18.1,samples tested,,,,
MMR,Myanmar,10/26/2021,495898,924,18582,22,19145,4771253,0.054,18.7,samples tested,,,,
MMR,Myanmar,10/27/2021,496901,1003,18603,21,20594,4791847,0.051,19.6,samples tested,,,,
MMR,Myanmar,10/28/2021,497700,799,18622,19,,,,,,,,,
MMR,Myanmar,10/29/2021,498605,905,18644,22,,,,,,,,,
MMR,Myanmar,10/30/2021,499321,716,18664,20,,,,,,,,,
MMR,Myanmar,10/31/2021,500073,752,18697,33,,,,,,20299011,13244996,7054015,
MMR,Myanmar,11/1/2021,500950,877,18714,17,,,,,,,,,
MMR,Myanmar,11/2/2021,502024,1074,18728,14,,,,,,,,,
MMR,Myanmar,11/3/2021,502979,955,18744,16,,,,,,,,,
MMR,Myanmar,11/4/2021,503981,1002,18766,22,,,,,,,,,
MMR,Myanmar,11/5/2021,505038,1057,18783,17,,,,,,,,,
MMR,Myanmar,11/6/2021,505998,960,18804,21,,,,,,22152983,13905795,8247188,
MMR,Myanmar,11/7/2021,506816,818,18821,17,,,,,,,,,
MMR,Myanmar,11/8/2021,507815,999,18839,18,,,,,,,,,
MMR,Myanmar,11/9/2021,508591,776,18855,16,,,,,,,,,
MMR,Myanmar,11/10/2021,509771,1180,18869,14,,,,,,,,,
MMR,Myanmar,11/11/2021,510725,954,18882,13,,,,,,,,,
MMR,Myanmar,11/12/2021,511717,992,18899,17,,,,,,,,,
MMR,Myanmar,11/13/2021,512548,831,18913,14,,,,,,,,,
MMR,Myanmar,11/14/2021,513262,714,18929,16,,,,,,,,,
MMR,Myanmar,11/15/2021,513962,700,18946,17,,,,,,,,,
MMR,Myanmar,11/16/2021,514716,754,18963,17,,,,,,,,,
MMR,Myanmar,11/17/2021,515559,843,18975,12,,,,,,,,,
THA,Thailand,6/1/2021,162022,2230,1069,38,73725,6786878,0.057,17.4,tests performed,3753718,2591372,1162346,88859
THA,Thailand,6/2/2021,165462,3440,1107,38,63355,6850233,0.06,16.7,tests performed,,,,
THA,Thailand,6/3/2021,169348,3886,1146,39,59196,6909429,0.059,17.1,tests performed,3961589,2727759,1233830,
THA,Thailand,6/4/2021,171978,2630,1177,31,54968,6964397,0.059,17.1,tests performed,4142944,2818676,1324268,181355
THA,Thailand,6/5/2021,174796,2818,1213,36,52402,7016799,0.055,18.2,tests performed,4190503,2845287,1345216,47559
THA,Thailand,6/6/2021,177467,2671,1236,23,45812,7062611,0.052,19.2,tests performed,4218094,2855041,1363053,27591
THA,Thailand,6/7/2021,179886,2419,1269,33,47744,7110355,0.051,19.8,tests performed,4634941,3243913,1391028,416847
THA,Thailand,6/8/2021,182548,2662,1297,28,56040,7166395,0.054,18.5,tests performed,5107069,3672372,1434697,472128
THA,Thailand,6/9/2021,185228,2680,1332,35,66650,7233045,0.052,19.4,tests performed,5443743,3966091,1477652,336674
THA,Thailand,6/10/2021,187538,2310,1375,43,58745,7291790,0.048,21,tests performed,5667058,4143444,1523614,223315
THA,Thailand,6/11/2021,189828,2290,1402,27,63211,7355001,0.046,21.9,tests performed,5975070,4362685,1612835,308012
THA,Thailand,6/12/2021,193105,3277,1431,29,50989,7405990,0.047,21.3,tests performed,6081242,4456786,1624456,106172
THA,Thailand,6/13/2021,195909,2804,1449,18,52880,7458870,0.047,21.5,tests performed,6188124,4531914,1656210,106882
THA,Thailand,6/14/2021,199264,3355,1466,17,51240,7510110,0.048,20.6,tests performed,6511184,4762063,1749121,323060
THA,Thailand,6/15/2021,202264,3000,1485,19,66332,7576442,0.048,20.8,tests performed,6780816,4948227,1832589,269632
THA,Thailand,6/16/2021,204595,2331,1525,40,64306,7640748,0.048,21.1,tests performed,7003783,5114755,1889028,222967
THA,Thailand,6/17/2021,207724,3129,1555,30,68380,7709128,0.048,20.7,tests performed,7219668,5252531,1967137,215885
THA,Thailand,6/18/2021,210782,3058,1577,22,63296,7772424,0.05,19.9,tests performed,7483083,5434119,2048964,263415
THA,Thailand,6/19/2021,214449,3667,1609,32,61372,7833796,0.05,20,tests performed,7587178,5486092,2101086,104095
THA,Thailand,6/20/2021,218131,3682,1629,20,46617,7880413,0.053,19,tests performed,7679057,5526039,2153018,91879
THA,Thailand,6/21/2021,221306,3175,1658,29,53579,7933992,0.052,19.2,tests performed,7906696,5678848,2227848,227639
THA,Thailand,6/22/2021,225365,4059,1693,35,75576,8009568,0.053,18.7,tests performed,8148335,5844521,2303814,241639
THA,Thailand,6/23/2021,228539,3174,1744,51,74197,8083765,0.054,18.5,tests performed,8400320,6017424,2382896,251985
THA,Thailand,6/24/2021,232647,4108,1775,31,73711,8157476,0.056,18,tests performed,8657423,6206353,2451070,257103
THA,Thailand,6/25/2021,236291,3644,1819,44,79968,8237444,0.055,18.2,tests performed,8981478,6435308,2546170,324055
THA,Thailand,6/26/2021,240452,4161,1870,51,65857,8303301,0.055,18.1,tests performed,9055141,6475826,2579315,73663
THA,Thailand,6/27/2021,244447,3995,1912,42,57185,8360486,0.055,18.2,tests performed,9147513,6537852,2609661,92372
THA,Thailand,6/28/2021,249853,5406,1934,22,60789,8421275,0.059,17.1,tests performed,9416972,6721038,2695394,269459
THA,Thailand,6/29/2021,254515,4662,1970,36,74980,8496255,0.06,16.7,tests performed,9672706,6910169,2762537,255734
THA,Thailand,6/30/2021,259301,4786,2023,53,70290,8566545,0.064,15.7,tests performed,9927698,7110854,2816844,254992
THA,Thailand,7/1/2021,264834,5533,2080,57,69160,8635705,0.067,14.9,tests performed,10227183,7364585,2862598,299485
THA,Thailand,7/2/2021,270921,6087,2141,61,60733,8696438,0.075,13.3,tests performed,10572292,7640118,2932174,345109
THA,Thailand,7/3/2021,277151,6230,2182,41,53037,8749475,0.082,12.2,tests performed,10670897,7721150,2949747,98605
THA,Thailand,7/4/2021,283067,5916,2226,44,54580,8804055,0.087,11.5,tests performed,10777748,7804654,2973094,106851
THA,Thailand,7/5/2021,289233,6166,2276,50,52017,8856072,0.091,11,tests performed,11058390,8022029,3036361,280642
THA,Thailand,7/6/2021,294653,5420,2333,57,70051,8926123,0.093,10.7,tests performed,11328043,8245297,3082746,269653
THA,Thailand,7/7/2021,301172,6519,2387,54,62695,8988818,0.099,10.1,tests performed,11619618,8494230,3125388,291575
THA,Thailand,7/8/2021,308230,7058,2462,75,66596,9055414,0.103,9.7,tests performed,11975996,8800155,3175841,356378
THA,Thailand,7/9/2021,317506,9276,2534,72,66267,9121681,0.11,9.1,tests performed,12375904,9130526,3245378,399908
THA,Thailand,7/10/2021,326832,9326,2625,91,74906,9196587,0.111,9,tests performed,12469188,9213598,3255590,93284
THA,Thailand,7/11/2021,336371,9539,2711,86,77848,9274435,0.113,8.8,tests performed,12569213,9301407,3267806,100025
THA,Thailand,7/12/2021,345027,8656,2791,80,56775,9331210,0.117,8.5,tests performed,12908193,9598949,3309244,338980
THA,Thailand,7/13/2021,353712,8685,2847,56,70798,9402008,0.124,8.1,tests performed,13230681,9888124,3342557,322488
THA,Thailand,7/14/2021,363029,9317,2934,87,65836,9467844,0.129,7.7,tests performed,13533717,10163340,3370377,303036
THA,Thailand,7/15/2021,372215,9186,3032,98,70403,9538247,0.133,7.5,tests performed,13823355,10424355,3398430,289638
THA,Thailand,7/16/2021,381907,9692,3099,67,73260,9611507,0.131,7.6,tests performed,14130489,10697489,3432911,307134
THA,Thailand,7/17/2021,391989,10082,3240,141,68384,9679891,0.135,7.4,tests performed,14223762,10780762,3443330,93273
THA,Thailand,7/18/2021,403386,11397,3341,101,68326,9748217,0.141,7.1,tests performed,14298596,10850099,3448497,74834
THA,Thailand,7/19/2021,415170,11784,3422,81,64522,9812739,0.146,6.9,tests performed,14547244,11067518,3479726,248648
THA,Thailand,7/20/2021,426475,11305,3502,80,68403,9881142,0.152,6.6,tests performed,14805120,11292579,3512541,257876
THA,Thailand,7/21/2021,439477,13002,3610,108,82325,9963467,0.154,6.5,tests performed,15084696,11538866,3545830,279576
THA,Thailand,7/22/2021,453132,13655,3697,87,62846,10026313,0.166,6,tests performed,15388939,11805180,3583759,304243
THA,Thailand,7/23/2021,467707,14575,3811,114,58851,10085164,0.181,5.5,tests performed,15741818,12109424,3632394,352879
THA,Thailand,7/24/2021,481967,14260,3930,119,67283,10152447,0.19,5.3,tests performed,15869844,12226845,3642999,128026
THA,Thailand,7/25/2021,497302,15335,4059,129,56980,10209427,0.204,4.9,tests performed,15960778,12307788,3652990,90934
THA,Thailand,7/26/2021,512678,15376,4146,87,53022,10262449,0.217,4.6,tests performed,16099670,12429925,3669745,138892
THA,Thailand,7/27/2021,526828,14150,4264,118,59014,10321463,0.228,4.4,tests performed,16427059,12714312,3712747,327389
THA,Thailand,7/28/2021,543361,16533,4397,133,63825,10385288,0.246,4.1,tests performed,16591329,12858570,3732759,164270
THA,Thailand,7/29/2021,561030,17669,4562,165,70632,10455920,0.251,4,tests performed,17011477,13225233,3786244,420148
THA,Thailand,7/30/2021,578375,17345,4679,117,70017,10525937,0.251,4,tests performed,17491632,13640179,3851453,480155
THA,Thailand,7/31/2021,597287,18912,4857,178,59041,10584978,0.267,3.8,tests performed,17685974,13802916,3883058,194342
THA,Thailand,8/1/2021,615314,18027,4990,133,53149,10638127,0.275,3.6,tests performed,17866526,13955087,3911439,180552
THA,Thailand,8/2/2021,633284,17970,5168,178,57398,10695525,0.278,3.6,tests performed,18198825,14207477,3991348,332299
THA,Thailand,8/3/2021,652185,18901,5315,147,74481,10770006,0.279,3.6,tests performed,18578096,14492385,4085711,379271
THA,Thailand,8/4/2021,672385,20200,5503,188,68635,10838641,0.285,3.5,tests performed,18961703,14783001,4178702,383607
THA,Thailand,8/5/2021,693305,20920,5663,160,60211,10898852,0.299,3.3,tests performed,19632537,15180276,4277071,670834
THA,Thailand,8/6/2021,714684,21379,5854,191,47117,10945969,0.325,3.1,tests performed,20280108,15687291,4406723,647571
THA,Thailand,8/7/2021,736522,21838,6066,212,50841,10996810,0.338,3,tests performed,20478635,15843283,4438168,198527
THA,Thailand,8/8/2021,756505,19983,6204,138,53748,11050558,0.342,2.9,tests performed,20669780,15986354,4461861,191145
THA,Thailand,8/9/2021,776108,19603,6353,149,56886,11107444,0.347,2.9,tests performed,21171110,16336743,4566345,501330
THA,Thailand,8/10/2021,795951,19843,6588,235,68463,11175907,0.354,2.8,tests performed,21717954,16701428,4692030,546844
THA,Thailand,8/11/2021,816989,21038,6795,207,66851,11242758,0.358,2.8,tests performed,22288819,17068105,4826641,570865
THA,Thailand,8/12/2021,839771,22782,6942,147,57353,11300111,0.365,2.7,tests performed,22508659,17239593,4855000,219840
THA,Thailand,8/13/2021,863189,23418,7126,184,52063,11352174,0.366,2.7,tests performed,23192491,17696114,5033568,683832
THA,Thailand,8/14/2021,885275,22086,7343,217,58471,11410645,0.359,2.8,tests performed,,,,
THA,Thailand,8/15/2021,907157,21882,7552,209,50791,11461436,0.367,2.7,tests performed,23592227,17996826,5109476,
THA,Thailand,8/16/2021,928314,21157,7734,182,54302,11515738,0.373,2.7,tests performed,24100631,18370997,5228157,508404
THA,Thailand,8/17/2021,948442,20128,7973,239,63953,11579691,0.378,2.6,tests performed,24618749,18726405,5381676,518118
THA,Thailand,8/18/2021,968957,20515,8285,312,68932,11648623,0.374,2.7,tests performed,25167060,19143574,5503882,548311
THA,Thailand,8/19/2021,989859,20902,8586,301,60847,11709470,0.367,2.7,tests performed,25818666,19586009,5705200,651606
THA,Thailand,8/20/2021,1009710,19851,8826,240,74919,11784389,0.339,2.9,tests performed,26428101,19973692,5920614,609435
THA,Thailand,8/21/2021,1030281,20571,9087,261,46129,11830518,0.345,2.9,tests performed,26832179,20272171,6017820,404078
THA,Thailand,8/22/2021,1049295,19014,9320,233,42140,11872658,0.346,2.9,tests performed,27038999,20430028,6065003,206820
THA,Thailand,8/23/2021,1066786,17491,9562,242,54456,11927114,0.337,3,tests performed,27612445,20830673,6230511,573446
THA,Thailand,8/24/2021,1083951,17165,9788,226,64284,11991398,0.329,3,tests performed,28197659,21231498,6405537,585214
THA,Thailand,8/25/2021,1102368,18417,10085,297,62160,12053558,0.329,3,tests performed,28835580,21669955,6596785,637921
THA,Thailand,8/26/2021,1120869,18501,10314,229,59708,12113266,0.324,3.1,tests performed,29504769,22070573,6860084,669189
THA,Thailand,8/27/2021,1139571,18702,10587,273,50388,12163654,0.342,2.9,tests performed,30420507,22617701,7221368,915738
THA,Thailand,8/28/2021,1157555,17984,10879,292,42463,12206117,0.339,3,tests performed,30679289,22807078,7287885,258782
THA,Thailand,8/29/2021,1174091,16536,11143,264,31920,12238037,0.342,2.9,tests performed,30954477,23018371,7350348,275188
THA,Thailand,8/30/2021,1190063,15972,11399,256,51170,12289207,0.34,2.9,tests performed,31771819,23401465,7780973,817342
THA,Thailand,8/31/2021,1204729,14666,11589,190,65454,12354661,0.332,3,tests performed,,,,
THA,Thailand,9/1/2021,1213954,9225,11841,252,50872,12405533,0.317,3.2,tests performed,32600001,23795098,8212750,
THA,Thailand,9/2/2021,1234487,20533,12103,262,47992,12453525,0.334,3,tests performed,33427463,24147532,8684695,827462
THA,Thailand,9/3/2021,1249140,14653,12374,271,49598,12503123,0.323,3.1,tests performed,34292537,24542140,9152799,865074
THA,Thailand,9/4/2021,1265082,15942,12631,257,40007,12543130,0.319,3.1,tests performed,35218164,24918054,9698842,925627
THA,Thailand,9/5/2021,1280534,15452,12855,224,36366,12579496,0.312,3.2,tests performed,35587676,25104942,9879371,369512
THA,Thailand,9/6/2021,1294522,13988,13042,187,51299,12630795,0.306,3.3,tests performed,35912894,25234259,10074612,325218
THA,Thailand,9/7/2021,1308343,13821,13283,241,55313,12686108,0.313,3.2,tests performed,36635271,25554456,10475325,722377
THA,Thailand,9/8/2021,1322519,14176,13511,228,62253,12748361,0.317,3.2,tests performed,37461284,25954106,10900001,826013
THA,Thailand,9/9/2021,1338550,16031,13731,220,51430,12799791,0.301,3.3,tests performed,38174738,26292211,11272593,713454
THA,Thailand,9/10/2021,1352953,14403,13920,189,53625,12853416,0.296,3.4,tests performed,38873359,26631261,11630996,698621
THA,Thailand,9/11/2021,1368144,15191,14173,253,41354,12894770,0.293,3.4,tests performed,39631862,26954546,12063643,758503
THA,Thailand,9/12/2021,1382173,14029,14353,180,37858,12932628,0.288,3.5,tests performed,40060467,27194487,12251011,428605
THA,Thailand,9/13/2021,1394756,12583,14485,132,54487,12987115,0.281,3.6,tests performed,40276356,27303700,12357581,215889
THA,Thailand,9/14/2021,1406542,11786,14621,136,62363,13049478,0.27,3.7,tests performed,40953025,27540743,12795707,676669
THA,Thailand,9/15/2021,1420343,13801,14765,144,59852,13109330,0.271,3.7,tests performed,41647101,27769095,13260456,694076
THA,Thailand,9/16/2021,1434237,13894,14953,188,60004,13169334,0.259,3.9,tests performed,42477514,28085202,13773184,830413
THA,Thailand,9/17/2021,1448792,14555,15124,171,52375,13221709,0.26,3.8,tests performed,43342103,28436015,14285995,864589
THA,Thailand,9/18/2021,1462901,14109,15246,122,36856,13258565,0.26,3.8,tests performed,43889427,28611321,14657681,547324
THA,Thailand,9/19/2021,1476477,13576,15363,117,37370,13295935,0.26,3.9,tests performed,44485657,28893133,14971317,596230
THA,Thailand,9/20/2021,1489186,12709,15469,106,47733,13343668,0.265,3.8,tests performed,44742049,29002572,15118015,256392
THA,Thailand,9/21/2021,1500105,10919,15612,143,54358,13398026,0.268,3.7,tests performed,45211101,29201077,15388071,469052
THA,Thailand,9/22/2021,1511357,11252,15753,141,52202,13450228,0.267,3.7,tests performed,46023016,29501110,15899158,811915
THA,Thailand,9/23/2021,1524613,13256,15884,131,49287,13499515,0.274,3.7,tests performed,,,,
THA,Thailand,9/24/2021,1537310,12697,16016,132,38751,13538266,0.28,3.6,tests performed,,,,
THA,Thailand,9/25/2021,1549285,11975,16143,127,29396,13567662,0.279,3.6,tests performed,,,,
THA,Thailand,9/26/2021,1561638,12353,16268,125,31460,13599122,0.281,3.6,tests performed,,,,
THA,Thailand,9/27/2021,1571926,10288,16369,101,46970,13646092,0.274,3.7,tests performed,,,,
THA,Thailand,9/28/2021,1581415,9489,16498,129,37636,13683728,0.285,3.5,tests performed,,,,
THA,Thailand,9/29/2021,1591829,10414,16620,122,56382,13740110,0.278,3.6,tests performed,,,,
THA,Thailand,9/30/2021,1603475,11646,16727,107,50566,13790676,0.271,3.7,tests performed,,,,
THA,Thailand,10/1/2021,1615229,11754,16850,123,46568,13837244,0.261,3.8,tests performed,,,,
THA,Thailand,10/2/2021,1626604,11375,16937,87,34293,13871537,0.254,3.9,tests performed,,,,
THA,Thailand,10/3/2021,1637432,10828,17014,77,35419,13906956,0.246,4.1,tests performed,,,,
THA,Thailand,10/4/2021,1647362,9930,17111,97,49428,13956384,0.243,4.1,tests performed,,,,
THA,Thailand,10/5/2021,1657231,9869,17203,92,56866,14013250,0.23,4.3,tests performed,55921443,33243525,21162251,
THA,Thailand,10/6/2021,1678297,21066,17418,215,46896,14060146,0.27,3.7,tests performed,56656247,33505887,21595916,734804
THA,Thailand,10/7/2021,1678297,0,17418,0,52703,14112849,0.232,4.3,tests performed,57387052,33774684,22005722,730805
THA,Thailand,10/8/2021,1689437,11140,17534,116,49633,14162482,0.228,4.4,tests performed,58298700,34188488,22460213,911648
THA,Thailand,10/9/2021,1700067,10630,17607,73,38706,14201188,0.223,4.5,tests performed,59308772,34668552,22949256,1010072
THA,Thailand,10/10/2021,1710884,10817,17691,84,37754,14238942,0.221,4.5,tests performed,59539624,34782627,23055555,230852
THA,Thailand,10/11/2021,1720919,10035,17751,60,52381,14291323,0.22,4.6,tests performed,60228105,35093892,23400992,688481
THA,Thailand,10/12/2021,1730364,9445,17835,84,61955,14353278,0.215,4.6,tests performed,61033251,35462170,23796497,805146
THA,Thailand,10/13/2021,1740428,10064,17917,82,48936,14402214,0.182,5.5,tests performed,61995809,35895984,24282686,962558
THA,Thailand,10/14/2021,1751704,11276,18029,112,51862,14454076,0.215,4.6,tests performed,62579803,36239806,24502527,583994
THA,Thailand,10/15/2021,1762190,10486,18123,94,54456,14508532,0.21,4.8,tests performed,63614352,36721779,25012380,1034549
THA,Thailand,10/16/2021,1772838,10648,18205,82,43560,14552092,0.207,4.8,tests performed,64139022,36955020,25287543,524670
THA,Thailand,10/17/2021,1783701,10863,18273,68,36209,14588301,0.208,4.8,tests performed,65202741,37446713,25825201,1063719
THA,Thailand,10/18/2021,1793812,10111,18336,63,51223,14639524,0.209,4.8,tests performed,65677794,37684728,26042573,475053
THA,Thailand,10/19/2021,1802934,9122,18407,71,63931,14703455,0.207,4.8,tests performed,66592321,38137096,26474522,914527
THA,Thailand,10/20/2021,1811852,8918,18486,79,55210,14758665,0.2,5,tests performed,67587102,38611193,26959785,994781
THA,Thailand,10/21/2021,1821579,9727,18559,73,50987,14809652,0.197,5.1,tests performed,68503058,39039849,27405800,915956
THA,Thailand,10/22/2021,1831389,9810,18625,66,42068,14851720,0.202,5,tests performed,69217162,39358277,27774180,714104
THA,Thailand,10/23/2021,1841131,9742,18699,74,29284,14881004,0.208,4.8,tests performed,69923540,39708520,28106044,706378
THA,Thailand,10/24/2021,1850482,9351,18755,56,33684,14914688,0.205,4.9,tests performed,70279624,39881034,28276165,356084
THA,Thailand,10/25/2021,1859157,8675,18799,44,51389,14966077,0.2,5,tests performed,70505802,39999692,28372531,226178
THA,Thailand,10/26/2021,1866863,7706,18865,66,59475,15025552,0.198,5,tests performed,71237520,40346281,28713904,731718
THA,Thailand,10/27/2021,1875315,8452,18922,57,50899,15076451,0.2,5,tests performed,72049529,40717544,29115651,812009
THA,Thailand,10/28/2021,1884973,9658,19006,84,51712,15128163,0.199,5,tests performed,72812483,41075152,29469487,762954
THA,Thailand,10/29/2021,1893941,8968,19070,64,49308,15177471,0.192,5.2,tests performed,73692039,41495703,29881984,879556
THA,Thailand,10/30/2021,1903165,9224,19158,88,33805,15211276,0.188,5.3,tests performed,74694431,41924824,30409329,1002392
THA,Thailand,10/31/2021,1912024,8859,19205,47,35713,15246989,0.185,5.4,tests performed,75389558,42247135,30743399,695127
THA,Thailand,11/1/2021,1920189,8165,19260,55,50388,15297377,0.184,5.4,tests performed,75710277,42388465,30911219,320719
THA,Thailand,11/2/2021,1935442,15253,19394,134,61061,15358438,0.206,4.9,tests performed,76226116,42548483,31244587,515839
THA,Thailand,11/3/2021,1935442,0,19394,0,52079,15410517,0.18,5.6,tests performed,77014092,42815600,31730365,787976
THA,Thailand,11/4/2021,1951572,16130,19542,148,48439,15458956,0.201,5,tests performed,77831474,43112788,32223467,817382
THA,Thailand,11/5/2021,1960039,8467,19611,69,49697,15508653,0.2,5,tests performed,78656124,43403391,32726021,824650
THA,Thailand,11/6/2021,1960039,0,19611,0,32725,15541378,0.172,5.8,tests performed,79517972,43694336,33263737,861848
THA,Thailand,11/7/2021,1967999,7960,19664,53,,,,,,80221553,43914118,33719280,703581
THA,Thailand,11/8/2021,1975591,7592,19703,39,,,,,,80499612,43990610,33912537,278059
THA,Thailand,11/9/2021,1982495,6904,19764,61,,,,,,80968807,44116509,34240355,469195
THA,Thailand,11/10/2021,1989473,6978,19826,62,,,,,,81761062,44355673,34760830,792255
THA,Thailand,11/11/2021,1996969,7496,19883,57,,,,,,82532531,44579576,35277108,771469
THA,Thailand,11/12/2021,2004274,7305,19934,51,,,,,,83320621,44809613,35800674,788090
THA,Thailand,11/13/2021,2011331,7057,19989,55,,,,,,84094565,45069302,36281904,773944
THA,Thailand,11/14/2021,2018410,7079,20036,47,,,,,,84467731,45204553,36504141,373166
THA,Thailand,11/15/2021,2024753,6343,20081,45,,,,,,85012905,45374194,36855732,545174
THA,Thailand,11/16/2021,2030700,5947,20143,62,,,,,,85412126,45488767,37114546,399221
THA,Thailand,11/17/2021,2037224,6524,20199,56,,,,,,86071507,45700036,37527295,659381
VNM,Vietnam,6/1/2021,7625,193,48,1,,,0.004,243,samples tested,,,,
VNM,Vietnam,6/2/2021,7870,245,49,1,,4205967,0.004,228.8,samples tested,1110111,1078934,31177,
VNM,Vietnam,6/3/2021,8063,193,49,0,51066,4257033,0.004,230.5,samples tested,1156056,1124505,31551,45945
VNM,Vietnam,6/4/2021,8364,301,51,2,43003,4300036,0.005,188.3,samples tested,1217607,1185206,32401,61551
VNM,Vietnam,6/5/2021,8580,216,53,2,,,0.004,222.3,samples tested,1243304,1209672,33632,25697
VNM,Vietnam,6/6/2021,8791,211,53,0,,4408663,0.005,210.1,samples tested,1248559,1214916,33643,5255
VNM,Vietnam,6/7/2021,9027,236,53,0,68923,4477586,0.004,233.5,samples tested,1340098,1301932,38166,91539
VNM,Vietnam,6/8/2021,9222,195,55,2,42290,4519876,0.004,228.1,samples tested,1354856,1312741,42115,14758
VNM,Vietnam,6/9/2021,9635,413,55,0,62370,4582246,0.005,213.2,samples tested,1389887,1342708,47179,35031
VNM,Vietnam,6/10/2021,9835,200,55,0,43798,4626044,0.005,208.2,samples tested,1411548,1361525,50023,21661
VNM,Vietnam,6/11/2021,10048,213,57,2,70977,4697021,0.004,235.7,samples tested,1445723,1392596,53127,34175
VNM,Vietnam,6/12/2021,10337,289,58,1,69511,4766532,0.004,234.6,samples tested,1454221,1399836,54385,8498
VNM,Vietnam,6/13/2021,10630,293,59,1,70741,4837273,0.004,233.1,samples tested,1498323,1443058,55265,44102
VNM,Vietnam,6/14/2021,10881,251,59,0,69477,4906750,0.004,231.5,samples tested,1552651,1493043,59608,54328
VNM,Vietnam,6/15/2021,11304,423,61,2,77438,4984188,0.004,223,samples tested,1648072,1584436,63636,95421
VNM,Vietnam,6/16/2021,11794,490,61,0,59363,5043551,0.005,213.7,samples tested,1773297,1700972,72325,125225
VNM,Vietnam,6/17/2021,12150,356,61,0,68729,5112280,0.005,210,samples tested,1991059,1901226,89833,217762
VNM,Vietnam,6/18/2021,12508,358,62,1,61503,5173783,0.005,193.8,samples tested,2233208,2127352,105856,242149
VNM,Vietnam,6/19/2021,12978,470,64,2,36462,5210245,0.006,168,samples tested,2359376,2244061,115315,126168
VNM,Vietnam,6/20/2021,13258,280,66,2,54293,5264538,0.006,162.6,samples tested,2422643,2300960,121683,63267
VNM,Vietnam,6/21/2021,13530,272,69,3,53386,5317924,0.006,155.2,samples tested,,,,
VNM,Vietnam,6/22/2021,13782,252,69,0,57491,5375415,0.006,157.9,samples tested,2569156,2435313,133843,
VNM,Vietnam,6/23/2021,13989,207,70,1,,,0.006,180.1,samples tested,2626337,2488655,137682,57181
VNM,Vietnam,6/24/2021,14323,334,72,2,,5502282,0.006,179.5,samples tested,2920248,2777127,143121,293911
VNM,Vietnam,6/25/2021,14537,214,74,2,61112,5563394,0.005,192,samples tested,3087580,2937264,150316,167332
VNM,Vietnam,6/26/2021,15325,788,74,0,73624,5637018,0.005,181.8,samples tested,3299232,3143744,155488,211652
VNM,Vietnam,6/27/2021,15740,415,76,2,60106,5697124,0.006,174.3,samples tested,3386607,3229471,157136,87375
VNM,Vietnam,6/28/2021,16136,396,78,2,71049,5768173,0.006,172.8,samples tested,3497104,3324110,172994,110497
VNM,Vietnam,6/29/2021,16507,371,80,2,75426,5843599,0.006,171.8,samples tested,3593970,3411489,182481,96866
VNM,Vietnam,6/30/2021,17052,545,81,1,57892,5901491,0.007,151,samples tested,3776980,3583939,193041,183010
VNM,Vietnam,7/1/2021,17727,675,81,0,72519,5974010,0.007,138.6,samples tested,3813767,3609761,204006,36787
VNM,Vietnam,7/2/2021,18121,394,84,3,132844,6106854,0.007,151.6,samples tested,3842646,3628241,214405,28879
VNM,Vietnam,7/3/2021,19310,1189,84,0,,,0.008,126.6,samples tested,3867407,3648805,218602,24761
VNM,Vietnam,7/4/2021,20261,951,86,2,,6176528,0.009,106,samples tested,3890855,3667519,223336,23448
VNM,Vietnam,7/5/2021,21312,1051,90,4,52717,6229245,0.011,89.1,samples tested,3903105,3676247,226858,12250
VNM,Vietnam,7/6/2021,22341,1029,97,7,89089,6318334,0.012,81.4,samples tested,3928001,3692431,235570,24896
VNM,Vietnam,7/7/2021,23385,1044,102,5,,,0.013,75.9,samples tested,3960956,3719043,241913,32955
VNM,Vietnam,7/8/2021,24810,1425,104,2,,,0.015,66.5,samples tested,3983800,3734268,249532,22844
VNM,Vietnam,7/9/2021,26608,1798,110,6,,,0.021,47.4,samples tested,4010786,3752512,258274,26986
VNM,Vietnam,7/10/2021,28470,1862,112,2,,,0.021,47,samples tested,4040783,3769374,271409,29997
VNM,Vietnam,7/11/2021,30478,2008,119,7,,6635926,0.022,45,samples tested,4051585,3774138,277447,10802
VNM,Vietnam,7/12/2021,32665,2187,125,6,,,0.023,43.2,samples tested,4063872,3783505,280367,12287
VNM,Vietnam,7/13/2021,35409,2744,132,7,,6803573,0.027,37.1,samples tested,4079066,3795182,283884,15194
VNM,Vietnam,7/14/2021,38239,2830,138,6,74363,6877936,0.03,33.4,samples tested,4146767,3859995,286772,67701
VNM,Vietnam,7/15/2021,42288,4049,207,69,,,0.034,29.1,samples tested,4185623,3890947,294676,38856
VNM,Vietnam,7/16/2021,46292,4004,225,18,,7030670,0.038,26.5,samples tested,4233896,3935719,298177,48273
VNM,Vietnam,7/17/2021,51002,4710,225,0,77300,7107970,0.042,23.8,samples tested,4261252,3956254,304998,27356
VNM,Vietnam,7/18/2021,55845,4843,254,29,63874,7171844,0.047,21.1,samples tested,4283906,3977431,306475,22654
VNM,Vietnam,7/19/2021,60180,4335,334,80,72122,7243966,0.052,19.1,samples tested,4305501,3995710,309791,21595
VNM,Vietnam,7/20/2021,65607,5427,334,0,,,0.058,17.3,samples tested,4336833,4019161,317672,31332
VNM,Vietnam,7/21/2021,71144,5537,370,36,,,0.062,16,samples tested,4367939,4042984,324955,31106
VNM,Vietnam,7/22/2021,78269,7125,370,0,,7486705,0.068,14.8,samples tested,4411659,4077099,334560,43720
VNM,Vietnam,7/23/2021,86957,8688,370,0,102002,7588707,0.073,13.7,samples tested,4478757,4125156,353601,67098
VNM,Vietnam,7/24/2021,94913,7956,370,0,98973,7687680,0.076,13.2,samples tested,4535741,4163388,372353,56984
VNM,Vietnam,7/25/2021,101173,6260,370,0,158337,7846017,0.067,14.9,samples tested,4613491,4223628,389863,77750
VNM,Vietnam,7/26/2021,106347,5174,524,154,,,0.063,15.8,samples tested,4746642,4323571,423071,133151
VNM,Vietnam,7/27/2021,117121,10774,524,0,,,0.066,15.1,samples tested,5013175,4562339,450836,266533
VNM,Vietnam,7/28/2021,123640,6519,630,106,,,0.064,15.7,samples tested,5321839,4825209,496630,308664
VNM,Vietnam,7/29/2021,133405,9765,1022,392,,,0.063,15.8,samples tested,5529898,4983496,546402,208059
VNM,Vietnam,7/30/2021,141122,7717,1161,139,,,0.061,16.5,samples tested,5931376,5342483,588893,401478
VNM,Vietnam,7/31/2021,150060,8938,1306,145,,,0.06,16.7,samples tested,6203866,5583255,620611,272490
VNM,Vietnam,8/1/2021,157507,7447,1306,0,,8738745,0.063,15.8,samples tested,6415219,5756155,659064,211353
VNM,Vietnam,8/2/2021,157507,0,1306,0,,,0.062,16.2,samples tested,6959197,6246333,712864,543978
VNM,Vietnam,8/3/2021,174461,16954,2071,765,,8864535,0.075,13.3,samples tested,7291808,6547477,744331,332611
VNM,Vietnam,8/4/2021,181756,7295,2327,256,94246,8958781,0.08,12.6,samples tested,7553318,6774332,778986,261510
VNM,Vietnam,8/5/2021,189066,7310,2720,393,269639,9228420,0.064,15.7,samples tested,8061116,7241093,820023,507798
VNM,Vietnam,8/6/2021,193381,4315,3016,296,171272,9399692,0.057,17.5,samples tested,8528267,7664944,863323,467151
VNM,Vietnam,8/7/2021,205656,12275,3250,234,,,0.065,15.5,samples tested,8896615,8008156,888459,368348
VNM,Vietnam,8/8/2021,215560,9904,3397,147,,9541771,0.072,13.8,samples tested,9405819,8460013,945806,509204
VNM,Vietnam,8/9/2021,224894,9334,3757,360,103066,9644837,0.08,12.5,samples tested,9987587,8984300,1003287,581768
VNM,Vietnam,8/10/2021,232937,8043,4145,388,175150,9819987,0.061,16.3,samples tested,11341864,10305762,1036102,1354277
VNM,Vietnam,8/11/2021,241543,8606,4487,342,,,0.059,16.8,samples tested,12098821,11006121,1092700,756957
VNM,Vietnam,8/12/2021,246568,5025,4813,326,,,0.065,15.4,samples tested,13256472,12064617,1191855,1157651
VNM,Vietnam,8/13/2021,255748,9180,5088,275,,10257476,0.073,13.8,samples tested,13772920,12500947,1271973,516448
VNM,Vietnam,8/14/2021,265464,9716,5437,349,157597,10415073,0.063,15.8,samples tested,14434017,13078340,1355677,661097
VNM,Vietnam,8/15/2021,275044,9580,5774,337,147636,10562709,0.058,17.2,samples tested,14666708,13287434,1379274,232691
VNM,Vietnam,8/16/2021,283696,8652,6141,367,167734,10730443,0.054,18.5,samples tested,15271562,13869728,1401834,604854
VNM,Vietnam,8/17/2021,293301,9605,6472,331,209518,10939961,0.054,18.6,samples tested,15518869,14032444,1486425,247307
VNM,Vietnam,8/18/2021,302101,8800,6770,298,,,0.052,19.2,samples tested,15922537,14359868,1562669,403668
VNM,Vietnam,8/19/2021,312611,10510,7150,380,,11321808,0.055,18.3,samples tested,16306199,14669827,1636372,383662
VNM,Vietnam,8/20/2021,323268,10657,7540,390,,,0.058,17.3,samples tested,16494665,14787599,1707066,188466
VNM,Vietnam,8/21/2021,336707,13439,7540,0,,11533345,0.064,15.7,samples tested,17065896,15274648,1791248,571231
VNM,Vietnam,8/22/2021,348059,11352,8277,737,451655,11985000,0.051,19.5,samples tested,17364569,15530221,1834348,298673
VNM,Vietnam,8/23/2021,358456,10397,8666,389,17418,12002418,0.059,17,samples tested,17647353,15725040,1922313,282784
VNM,Vietnam,8/24/2021,369267,10811,9014,348,1014412,13016830,0.037,27.3,samples tested,18095473,16056222,2039251,448120
VNM,Vietnam,8/25/2021,381363,12096,9349,335,,,0.037,27.2,samples tested,18522203,16382658,2139545,426730
VNM,Vietnam,8/26/2021,392938,11575,9667,318,,13550586,0.036,27.7,samples tested,18843004,16607991,2235013,320801
VNM,Vietnam,8/27/2021,410366,17428,10053,386,132192,13682778,0.039,25.9,samples tested,19151122,16822691,2328431,308118
VNM,Vietnam,8/28/2021,422469,12103,10405,352,200840,13883618,0.036,27.4,samples tested,19431093,16999888,2431205,279971
VNM,Vietnam,8/29/2021,435265,12796,10749,344,171351,14054969,0.042,23.7,samples tested,19710560,17186153,2524407,279467
VNM,Vietnam,8/30/2021,449489,14224,11064,315,,,0.042,24.1,samples tested,19966724,17347538,2619186,256164
VNM,Vietnam,8/31/2021,462096,12607,11064,0,,14332918,0.071,14.2,samples tested,20210381,17483818,2726563,243657
VNM,Vietnam,9/1/2021,473530,11434,11868,804,868961,15201879,0.048,20.8,samples tested,20542325,17660772,2881553,331944
VNM,Vietnam,9/2/2021,486727,13197,12138,270,,,0.045,22.2,samples tested,20831478,17872356,2959122,289153
VNM,Vietnam,9/3/2021,501649,14922,12446,308,,16063195,0.038,26.1,samples tested,21046279,17998754,3047525,214801
VNM,Vietnam,9/4/2021,511170,9521,12793,347,,,0.04,25.3,samples tested,21445181,18246636,3198545,398902
VNM,Vietnam,9/5/2021,524307,13137,13074,281,,16183529,0.042,23.9,samples tested,22012123,18673340,3338783,566942
VNM,Vietnam,9/6/2021,536788,12481,13385,311,146326,16329855,0.041,24.5,samples tested,22675644,19231238,3444406,663521
VNM,Vietnam,9/7/2021,550996,14208,13701,316,,,0.039,25.4,samples tested,23577917,19809234,3768683,902273
VNM,Vietnam,9/8/2021,563676,12680,14135,434,,,0.054,18.4,samples tested,24781185,20591403,4189782,1203268
VNM,Vietnam,9/9/2021,576096,12420,14470,335,,17124865,0.06,16.7,samples tested,25926688,21459102,4467586,1145503
VNM,Vietnam,9/10/2021,589417,13321,14745,275,219310,17344175,0.069,14.6,samples tested,27108588,22367824,4740764,1181900
VNM,Vietnam,9/11/2021,601349,11932,15018,273,,,0.06,16.7,samples tested,28213392,23157067,5056325,1104804
VNM,Vietnam,9/12/2021,613375,12026,15279,261,,,0.051,19.4,samples tested,29280307,23954248,5326059,1066915
VNM,Vietnam,9/13/2021,624547,11172,15660,381,,18197869,0.047,21.3,samples tested,30348920,24727517,5621403,1068613
VNM,Vietnam,9/14/2021,635055,10508,15936,276,209988,18407857,0.046,21.6,samples tested,31254856,25420169,5834687,905936
VNM,Vietnam,9/15/2021,645640,10585,16186,250,,,0.047,21.4,samples tested,32296517,26307653,5988864,1041661
VNM,Vietnam,9/16/2021,656129,10489,16425,239,,,0.047,21.1,samples tested,33006632,26821906,6184726,710115
VNM,Vietnam,9/17/2021,667650,11521,16637,212,,,0.047,21.4,samples tested,33555359,27208264,6347095,548727
VNM,Vietnam,9/18/2021,677023,9373,16857,220,,,0.047,21.1,samples tested,34095243,27577472,6517771,539884
VNM,Vietnam,9/19/2021,687063,10040,17090,233,,,0.049,20.6,samples tested,34553590,27913529,6640061,458347
VNM,Vietnam,9/20/2021,695744,8681,17305,215,,,0.05,20.2,samples tested,35071714,28288007,6783707,518124
VNM,Vietnam,9/21/2021,707436,11692,17545,240,,,0.051,19.7,samples tested,35675840,28745680,6930160,604126
VNM,Vietnam,9/22/2021,718963,11527,17781,236,,20041268,0.051,19.5,samples tested,36152556,29094447,7058109,476716
VNM,Vietnam,9/23/2021,728435,9472,18017,236,,,0.029,34.3,samples tested,36793910,29534498,7259412,641354
VNM,Vietnam,9/24/2021,736972,8537,18220,203,,,0.02,50.9,samples tested,37583248,30027703,7555545,789338
VNM,Vietnam,9/25/2021,746678,9706,18400,180,,23799310,0.015,65.7,samples tested,38367246,30420963,7946283,783998
VNM,Vietnam,9/26/2021,756689,10011,18584,184,135513,23934823,0.015,64.7,samples tested,39232772,30946214,8286558,865526
VNM,Vietnam,9/27/2021,766051,9362,18758,174,,,0.016,62.2,samples tested,40095031,31497967,8597064,862259
VNM,Vietnam,9/28/2021,770640,4589,18936,178,,24070860,0.015,67,samples tested,41153041,32171641,8981400,1058010
VNM,Vietnam,9/29/2021,779398,8758,19098,162,,,0.014,69.5,samples tested,42165168,32669057,9496111,1012127
VNM,Vietnam,9/30/2021,790755,11357,19301,203,,,0.02,50.1,samples tested,42888157,33069709,9818448,722989
VNM,Vietnam,10/1/2021,797712,6957,19437,136,,24587603,0.03,33.6,samples tested,43658818,33532395,10126423,770661
VNM,Vietnam,10/2/2021,803202,5490,19601,164,,,0.061,16.5,samples tested,44637911,34155519,10482392,979093
VNM,Vietnam,10/3/2021,808578,5376,19715,114,,24871501,0.055,18.1,samples tested,45496123,34622194,10873929,858212
VNM,Vietnam,10/4/2021,813961,5383,19845,130,,,0.046,21.7,samples tested,46969510,35355593,11613917,1473387
VNM,Vietnam,10/5/2021,818324,4363,19979,134,,25210300,0.042,23.9,samples tested,48155037,35933360,12221677,1185527
VNM,Vietnam,10/6/2021,822687,4363,20098,119,131395,25341695,0.039,25.4,samples tested,49254925,36448527,12806398,1099888
VNM,Vietnam,10/7/2021,826837,4150,20223,125,,,0.036,28.1,samples tested,,,,
VNM,Vietnam,10/8/2021,831643,4806,20337,114,,,0.036,27.4,samples tested,51968108,37725480,14242628,
VNM,Vietnam,10/9/2021,836134,4491,20442,105,,,0.038,26.6,samples tested,,,,
VNM,Vietnam,10/10/2021,839662,3528,20555,113,,,0.038,26.4,samples tested,54279564,38698136,15581428,
VNM,Vietnam,10/11/2021,843281,3619,20670,115,,,0.04,25.2,samples tested,55229124,39088086,16141038,949560
VNM,Vietnam,10/12/2021,846230,2949,20763,93,,25868520,0.042,23.6,samples tested,56330750,39837150,16493600,1101626
VNM,Vietnam,10/13/2021,849691,3461,20869,106,130784,25999304,0.041,24.4,samples tested,57457092,40654892,16802200,1126342
VNM,Vietnam,10/14/2021,853842,4151,20950,81,247809,26247113,0.033,30.3,samples tested,59003239,41811429,17191810,1546147
VNM,Vietnam,10/15/2021,857639,3797,21043,93,227993,26475106,0.027,36.8,samples tested,,,,
VNM,Vietnam,10/16/2021,860860,3221,21131,88,,,0.027,37.2,samples tested,61919937,44070286,17849651,
VNM,Vietnam,10/17/2021,864053,3193,21194,63,,26572559,0.028,36.1,samples tested,63434180,45281937,18152243,1514243
VNM,Vietnam,10/18/2021,867221,3168,21269,75,,,0.028,35.2,samples tested,64992488,46493751,18498737,1558308
VNM,Vietnam,10/19/2021,870255,3034,21344,75,,26673946,0.03,33.5,samples tested,67083557,47997541,19086016,2091069
VNM,Vietnam,10/20/2021,873901,3646,21416,72,211962,26885908,0.027,36.6,samples tested,68809880,49352317,19457563,1726323
VNM,Vietnam,10/21/2021,877537,3636,21487,71,109941,26995849,0.032,31.6,samples tested,,,,
VNM,Vietnam,10/22/2021,881522,3985,21543,56,,,0.039,25.4,samples tested,71889209,51157792,20731417,
VNM,Vietnam,10/23/2021,884895,3373,21620,77,,,0.037,26.7,samples tested,72929311,51883474,21045837,1040102
VNM,Vietnam,10/24/2021,888940,4045,21673,53,,27250377,0.037,27.2,samples tested,,,,
VNM,Vietnam,10/25/2021,892579,3639,21738,65,,,0.035,28.4,samples tested,74950393,53125886,21824507,
VNM,Vietnam,10/26/2021,896174,3595,21802,64,,,0.034,29.4,samples tested,75970872,53738466,22232406,1020479
VNM,Vietnam,10/27/2021,900585,4411,21856,54,,,0.042,24,samples tested,77145612,54520772,22624840,1174740
VNM,Vietnam,10/28/2021,905477,4892,21910,54,,27619131,0.045,22.3,samples tested,78940403,55578783,23361620,1794791
VNM,Vietnam,10/29/2021,910376,4899,21966,56,88521,27707652,0.046,21.7,samples tested,80528570,56616780,23911790,1588167
VNM,Vietnam,10/30/2021,915603,5227,22030,64,,,0.048,20.8,samples tested,81375376,57044159,24331217,846806
VNM,Vietnam,10/31/2021,921122,5519,22083,53,,,0.05,20.1,samples tested,81929875,57332644,24597231,554499
VNM,Vietnam,11/1/2021,926720,5598,22131,48,,,0.052,19.1,samples tested,83131464,58013895,25117569,1201589
VNM,Vietnam,11/2/2021,932357,5637,22205,74,,28088584,0.055,18.1,samples tested,84090899,58449622,25641277,959435
VNM,Vietnam,11/3/2021,939463,7106,22283,78,112591,28201175,0.058,17.3,samples tested,84884074,58807646,26076428,793175
VNM,Vietnam,11/4/2021,946043,6580,22342,59,113378,28314553,0.058,17.1,samples tested,86319808,59355699,26964109,1435734
VNM,Vietnam,11/5/2021,953547,7504,22412,70,122187,28436740,0.059,16.9,samples tested,,,,
VNM,Vietnam,11/6/2021,961038,7491,22470,58,,,0.061,16.5,samples tested,89620701,60845405,28775296,
VNM,Vietnam,11/7/2021,968684,7646,22531,61,,28666820,0.062,16.2,samples tested,,,,
VNM,Vietnam,11/8/2021,976672,7988,22598,67,,,0.061,16.3,samples tested,92211330,61907563,30303767,
VNM,Vietnam,11/9/2021,984805,8133,22686,88,,28946033,0.061,16.3,samples tested,93962665,62806992,31155673,1751335
VNM,Vietnam,11/10/2021,992735,7930,22765,79,,,0.058,17.3,samples tested,,,,
VNM,Vietnam,11/11/2021,1000897,8162,22849,84,,29304535,0.055,18,samples tested,96557452,63682168,32875284,
VNM,Vietnam,11/12/2021,1009879,8982,22930,81,,,,,,97831758,64073710,33758048,1274306
VNM,Vietnam,11/13/2021,1018346,8467,23018,88,,,,,,98930571,64322087,34608484,1098813
VNM,Vietnam,11/14/2021,1026522,8176,23082,64,,,,,,99751224,64467940,35283284,820653
VNM,Vietnam,11/15/2021,1035138,8616,23183,101,,,,,,100862898,64767521,36095377,1111674
VNM,Vietnam,11/16/2021,1045397,10259,23270,87,,,,,,102030576,65222953,36807623,1167678
VNM,Vietnam,11/17/2021,1055246,9849,23337,67,,,,,,,,,
